"Sr.No","State","District","Year","Month","Date","Value"
"1","Punjab","Amritsar",2004,"January",2004-01-01,"37.9"
"2","Punjab"," Bhatinda",2004,"January",2004-01-01,"28.1"
"3","Punjab"," Faridkot",2004,"January",2004-01-01,"32.8"
"4","Punjab"," Fatehgarh Sahib",2004,"January",2004-01-01,"28"
"5","Punjab"," Ferozpur",2004,"January",2004-01-01,"30"
"6","Punjab"," Gurdaspur",2004,"January",2004-01-01,"118.3"
"7","Punjab"," Hoshiarpur",2004,"January",2004-01-01,"71.9"
"8","Punjab"," Jalandhar",2004,"January",2004-01-01,"53.2"
"9","Punjab"," Kapurthala",2004,"January",2004-01-01,"20.5"
"10","Punjab"," Ludhiana",2004,"January",2004-01-01,"44.6"
"11","Punjab"," Moga",2004,"January",2004-01-01,"20.9"
"12","Punjab"," Muktsar",2004,"January",2004-01-01,"25"
"13","Punjab"," Nawanshahar",2004,"January",2004-01-01,"76"
"14","Punjab"," Patiala",2004,"January",2004-01-01,"47.5"
"15","Punjab"," Ropar",2004,"January",2004-01-01,"108.6"
"16","Punjab"," Sangrur",2004,"January",2004-01-01,"20.7"
"17","Punjab","Amritsar",2004,"February",2004-02-01,"11"
"18","Punjab"," Bhatinda",2004,"February",2004-02-01,"8.4"
"19","Punjab"," Faridkot",2004,"February",2004-02-01,"10.6"
"20","Punjab"," Fatehgarh Sahib",2004,"February",2004-02-01,"0"
"21","Punjab"," Ferozpur",2004,"February",2004-02-01,"11.2"
"22","Punjab"," Gurdaspur",2004,"February",2004-02-01,"17.2"
"23","Punjab"," Hoshiarpur",2004,"February",2004-02-01,"15.4"
"24","Punjab"," Jalandhar",2004,"February",2004-02-01,"9.9"
"25","Punjab"," Kapurthala",2004,"February",2004-02-01,"5.5"
"26","Punjab"," Ludhiana",2004,"February",2004-02-01,"5.4"
"27","Punjab"," Moga",2004,"February",2004-02-01,"2.1"
"28","Punjab"," Muktsar",2004,"February",2004-02-01,"8"
"29","Punjab"," Nawanshahar",2004,"February",2004-02-01,"7.3"
"30","Punjab"," Patiala",2004,"February",2004-02-01,"1"
"31","Punjab"," Ropar",2004,"February",2004-02-01,"4.9"
"32","Punjab"," Sangrur",2004,"February",2004-02-01,"2.3"
"33","Punjab","Amritsar",2004,"March",2004-03-01,"0"
"34","Punjab"," Bhatinda",2004,"March",2004-03-01,"0"
"35","Punjab"," Faridkot",2004,"March",2004-03-01,"0"
"36","Punjab"," Fatehgarh Sahib",2004,"March",2004-03-01,"0"
"37","Punjab"," Ferozpur",2004,"March",2004-03-01,"0"
"38","Punjab"," Gurdaspur",2004,"March",2004-03-01,"0"
"39","Punjab"," Hoshiarpur",2004,"March",2004-03-01,"0"
"40","Punjab"," Jalandhar",2004,"March",2004-03-01,"0"
"41","Punjab"," Kapurthala",2004,"March",2004-03-01,"0"
"42","Punjab"," Ludhiana",2004,"March",2004-03-01,"0"
"43","Punjab"," Moga",2004,"March",2004-03-01,"0"
"44","Punjab"," Muktsar",2004,"March",2004-03-01,"0"
"45","Punjab"," Nawanshahar",2004,"March",2004-03-01,"0"
"46","Punjab"," Patiala",2004,"March",2004-03-01,"0"
"47","Punjab"," Ropar",2004,"March",2004-03-01,"0"
"48","Punjab"," Sangrur",2004,"March",2004-03-01,"0"
"49","Punjab","Amritsar",2004,"April",2004-04-01,"6.9"
"50","Punjab"," Bhatinda",2004,"April",2004-04-01,"0.4"
"51","Punjab"," Faridkot",2004,"April",2004-04-01,"0"
"52","Punjab"," Fatehgarh Sahib",2004,"April",2004-04-01,"2"
"53","Punjab"," Ferozpur",2004,"April",2004-04-01,"1.8"
"54","Punjab"," Gurdaspur",2004,"April",2004-04-01,"23.3"
"55","Punjab"," Hoshiarpur",2004,"April",2004-04-01,"13.3"
"56","Punjab"," Jalandhar",2004,"April",2004-04-01,"6.7"
"57","Punjab"," Kapurthala",2004,"April",2004-04-01,"6"
"58","Punjab"," Ludhiana",2004,"April",2004-04-01,"3.1"
"59","Punjab"," Moga",2004,"April",2004-04-01,"2.2"
"60","Punjab"," Muktsar",2004,"April",2004-04-01,"3"
"61","Punjab"," Nawanshahar",2004,"April",2004-04-01,"6.1"
"62","Punjab"," Patiala",2004,"April",2004-04-01,"10.9"
"63","Punjab"," Ropar",2004,"April",2004-04-01,"10.7"
"64","Punjab"," Sangrur",2004,"April",2004-04-01,"26"
"65","Punjab","Amritsar",2004,"May",2004-05-01,"44"
"66","Punjab"," Bhatinda",2004,"May",2004-05-01,"52.4"
"67","Punjab"," Faridkot",2004,"May",2004-05-01,"27.6"
"68","Punjab"," Fatehgarh Sahib",2004,"May",2004-05-01,"0"
"69","Punjab"," Ferozpur",2004,"May",2004-05-01,"21.3"
"70","Punjab"," Gurdaspur",2004,"May",2004-05-01,"36"
"71","Punjab"," Hoshiarpur",2004,"May",2004-05-01,"51.5"
"72","Punjab"," Jalandhar",2004,"May",2004-05-01,"30.9"
"73","Punjab"," Kapurthala",2004,"May",2004-05-01,"0"
"74","Punjab"," Ludhiana",2004,"May",2004-05-01,"43.6"
"75","Punjab"," Moga",2004,"May",2004-05-01,"9.8"
"76","Punjab"," Muktsar",2004,"May",2004-05-01,"49.1"
"77","Punjab"," Nawanshahar",2004,"May",2004-05-01,"25.2"
"78","Punjab"," Patiala",2004,"May",2004-05-01,"73.8"
"79","Punjab"," Ropar",2004,"May",2004-05-01,"35.9"
"80","Punjab"," Sangrur",2004,"May",2004-05-01,"14.3"
"81","Punjab","Amritsar",2004,"June",2004-06-01,"45.8"
"82","Punjab"," Bhatinda",2004,"June",2004-06-01,"74.9"
"83","Punjab"," Faridkot",2004,"June",2004-06-01,"40"
"84","Punjab"," Fatehgarh Sahib",2004,"June",2004-06-01,"18"
"85","Punjab"," Ferozpur",2004,"June",2004-06-01,"44"
"86","Punjab"," Gurdaspur",2004,"June",2004-06-01,"77"
"87","Punjab"," Hoshiarpur",2004,"June",2004-06-01,"87"
"88","Punjab"," Jalandhar",2004,"June",2004-06-01,"66.1"
"89","Punjab"," Kapurthala",2004,"June",2004-06-01,"10"
"90","Punjab"," Ludhiana",2004,"June",2004-06-01,"40.1"
"91","Punjab"," Moga",2004,"June",2004-06-01,"6.7"
"92","Punjab"," Muktsar",2004,"June",2004-06-01,"28"
"93","Punjab"," Nawanshahar",2004,"June",2004-06-01,"84.4"
"94","Punjab"," Patiala",2004,"June",2004-06-01,"54.4"
"95","Punjab"," Ropar",2004,"June",2004-06-01,"72.9"
"96","Punjab"," Sangrur",2004,"June",2004-06-01,"42.5"
"97","Punjab","Amritsar",2004,"July",2004-07-01,"131.6"
"98","Punjab"," Bhatinda",2004,"July",2004-07-01,"29.9"
"99","Punjab"," Faridkot",2004,"July",2004-07-01,"8.5"
"100","Punjab"," Fatehgarh Sahib",2004,"July",2004-07-01,"10"
"101","Punjab"," Ferozpur",2004,"July",2004-07-01,"5.2"
"102","Punjab"," Gurdaspur",2004,"July",2004-07-01,"179.5"
"103","Punjab"," Hoshiarpur",2004,"July",2004-07-01,"140.8"
"104","Punjab"," Jalandhar",2004,"July",2004-07-01,"87.8"
"105","Punjab"," Kapurthala",2004,"July",2004-07-01,"95.2"
"106","Punjab"," Ludhiana",2004,"July",2004-07-01,"52.1"
"107","Punjab"," Moga",2004,"July",2004-07-01,"10"
"108","Punjab"," Muktsar",2004,"July",2004-07-01,"43"
"109","Punjab"," Nawanshahar",2004,"July",2004-07-01,"81.5"
"110","Punjab"," Patiala",2004,"July",2004-07-01,"44.7"
"111","Punjab"," Ropar",2004,"July",2004-07-01,"167.3"
"112","Punjab"," Sangrur",2004,"July",2004-07-01,"31.3"
"113","Punjab","Amritsar",2004,"August",2004-08-01,"65.4"
"114","Punjab"," Bhatinda",2004,"August",2004-08-01,"105.3"
"115","Punjab"," Faridkot",2004,"August",2004-08-01,"7.5"
"116","Punjab"," Fatehgarh Sahib",2004,"August",2004-08-01,"123"
"117","Punjab"," Ferozpur",2004,"August",2004-08-01,"34.4"
"118","Punjab"," Gurdaspur",2004,"August",2004-08-01,"166.7"
"119","Punjab"," Hoshiarpur",2004,"August",2004-08-01,"91.6"
"120","Punjab"," Jalandhar",2004,"August",2004-08-01,"190.6"
"121","Punjab"," Kapurthala",2004,"August",2004-08-01,"124.1"
"122","Punjab"," Ludhiana",2004,"August",2004-08-01,"177.6"
"123","Punjab"," Moga",2004,"August",2004-08-01,"31.6"
"124","Punjab"," Muktsar",2004,"August",2004-08-01,"5"
"125","Punjab"," Nawanshahar",2004,"August",2004-08-01,"366.6"
"126","Punjab"," Patiala",2004,"August",2004-08-01,"497.4"
"127","Punjab"," Ropar",2004,"August",2004-08-01,"356.8"
"128","Punjab"," Sangrur",2004,"August",2004-08-01,"117.8"
"129","Punjab","Amritsar",2004,"September",2004-09-01,"2.8"
"130","Punjab"," Bhatinda",2004,"September",2004-09-01,"14.4"
"131","Punjab"," Faridkot",2004,"September",2004-09-01,"4"
"132","Punjab"," Fatehgarh Sahib",2004,"September",2004-09-01,"4"
"133","Punjab"," Ferozpur",2004,"September",2004-09-01,"10.6"
"134","Punjab"," Gurdaspur",2004,"September",2004-09-01,"20.2"
"135","Punjab"," Hoshiarpur",2004,"September",2004-09-01,"2.7"
"136","Punjab"," Jalandhar",2004,"September",2004-09-01,"3.7"
"137","Punjab"," Kapurthala",2004,"September",2004-09-01,"0"
"138","Punjab"," Ludhiana",2004,"September",2004-09-01,"18.4"
"139","Punjab"," Moga",2004,"September",2004-09-01,"16.1"
"140","Punjab"," Muktsar",2004,"September",2004-09-01,"5"
"141","Punjab"," Nawanshahar",2004,"September",2004-09-01,"2.3"
"142","Punjab"," Patiala",2004,"September",2004-09-01,"35.5"
"143","Punjab"," Ropar",2004,"September",2004-09-01,"64.6"
"144","Punjab"," Sangrur",2004,"September",2004-09-01,"1.7"
"145","Punjab","Amritsar",2004,"October",2004-10-01,"28.5"
"146","Punjab"," Bhatinda",2004,"October",2004-10-01,"19.2"
"147","Punjab"," Faridkot",2004,"October",2004-10-01,"0"
"148","Punjab"," Fatehgarh Sahib",2004,"October",2004-10-01,"37"
"149","Punjab"," Ferozpur",2004,"October",2004-10-01,"14.6"
"150","Punjab"," Gurdaspur",2004,"October",2004-10-01,"43.2"
"151","Punjab"," Hoshiarpur",2004,"October",2004-10-01,"133.3"
"152","Punjab"," Jalandhar",2004,"October",2004-10-01,"38"
"153","Punjab"," Kapurthala",2004,"October",2004-10-01,"18"
"154","Punjab"," Ludhiana",2004,"October",2004-10-01,"78"
"155","Punjab"," Moga",2004,"October",2004-10-01,"9.4"
"156","Punjab"," Muktsar",2004,"October",2004-10-01,"3"
"157","Punjab"," Nawanshahar",2004,"October",2004-10-01,"126"
"158","Punjab"," Patiala",2004,"October",2004-10-01,"48.4"
"159","Punjab"," Ropar",2004,"October",2004-10-01,"201.3"
"160","Punjab"," Sangrur",2004,"October",2004-10-01,"31.5"
"161","Punjab","Amritsar",2004,"November",2004-11-01,"3.3"
"162","Punjab"," Bhatinda",2004,"November",2004-11-01,"0"
"163","Punjab"," Faridkot",2004,"November",2004-11-01,"0"
"164","Punjab"," Fatehgarh Sahib",2004,"November",2004-11-01,"0"
"165","Punjab"," Ferozpur",2004,"November",2004-11-01,"0.7"
"166","Punjab"," Gurdaspur",2004,"November",2004-11-01,"6.5"
"167","Punjab"," Hoshiarpur",2004,"November",2004-11-01,"2.1"
"168","Punjab"," Jalandhar",2004,"November",2004-11-01,"0"
"169","Punjab"," Kapurthala",2004,"November",2004-11-01,"0"
"170","Punjab"," Ludhiana",2004,"November",2004-11-01,"0"
"171","Punjab"," Moga",2004,"November",2004-11-01,"0"
"172","Punjab"," Muktsar",2004,"November",2004-11-01,"0"
"173","Punjab"," Nawanshahar",2004,"November",2004-11-01,"0"
"174","Punjab"," Patiala",2004,"November",2004-11-01,"0"
"175","Punjab"," Ropar",2004,"November",2004-11-01,"0"
"176","Punjab"," Sangrur",2004,"November",2004-11-01,"0"
"177","Punjab","Amritsar",2004,"December",2004-12-01,"4.4"
"178","Punjab"," Bhatinda",2004,"December",2004-12-01,"0"
"179","Punjab"," Faridkot",2004,"December",2004-12-01,"0"
"180","Punjab"," Fatehgarh Sahib",2004,"December",2004-12-01,"0"
"181","Punjab"," Ferozpur",2004,"December",2004-12-01,"1.5"
"182","Punjab"," Gurdaspur",2004,"December",2004-12-01,"13"
"183","Punjab"," Hoshiarpur",2004,"December",2004-12-01,"19.3"
"184","Punjab"," Jalandhar",2004,"December",2004-12-01,"9.4"
"185","Punjab"," Kapurthala",2004,"December",2004-12-01,"1.5"
"186","Punjab"," Ludhiana",2004,"December",2004-12-01,"0.3"
"187","Punjab"," Moga",2004,"December",2004-12-01,"0"
"188","Punjab"," Muktsar",2004,"December",2004-12-01,"0"
"189","Punjab"," Nawanshahar",2004,"December",2004-12-01,"13.8"
"190","Punjab"," Patiala",2004,"December",2004-12-01,"1.8"
"191","Punjab"," Ropar",2004,"December",2004-12-01,"36.3"
"192","Punjab"," Sangrur",2004,"December",2004-12-01,"4"
"193","Punjab","Amritsar",2005,"January",2005-01-01,"69.3"
"194","Punjab"," Bhatinda",2005,"January",2005-01-01,"46.2"
"195","Punjab"," Faridkot",2005,"January",2005-01-01,"N.A."
"196","Punjab"," Fatehgarh Sahib",2005,"January",2005-01-01,"23"
"197","Punjab"," Ferozpur",2005,"January",2005-01-01,"38.8"
"198","Punjab"," Gurdaspur",2005,"January",2005-01-01,"60.9"
"199","Punjab"," Hoshiarpur",2005,"January",2005-01-01,"50.5"
"200","Punjab"," Jalandhar",2005,"January",2005-01-01,"46.3"
"201","Punjab"," Kapurthala",2005,"January",2005-01-01,"35"
"202","Punjab"," Ludhiana",2005,"January",2005-01-01,"49.4"
"203","Punjab"," Moga",2005,"January",2005-01-01,"43.6"
"204","Punjab"," Muktsar",2005,"January",2005-01-01,"31.5"
"205","Punjab"," Nawanshahar",2005,"January",2005-01-01,"71.9"
"206","Punjab"," Patiala",2005,"January",2005-01-01,"37.8"
"207","Punjab"," Ropar",2005,"January",2005-01-01,"54.8"
"208","Punjab"," Sangrur",2005,"January",2005-01-01,"18.2"
"209","Punjab","Amritsar",2005,"February",2005-02-01,"64.4"
"210","Punjab"," Bhatinda",2005,"February",2005-02-01,"69.1"
"211","Punjab"," Faridkot",2005,"February",2005-02-01,"N.A."
"212","Punjab"," Fatehgarh Sahib",2005,"February",2005-02-01,"28"
"213","Punjab"," Ferozpur",2005,"February",2005-02-01,"40.7"
"214","Punjab"," Gurdaspur",2005,"February",2005-02-01,"137.2"
"215","Punjab"," Hoshiarpur",2005,"February",2005-02-01,"71.1"
"216","Punjab"," Jalandhar",2005,"February",2005-02-01,"72.2"
"217","Punjab"," Kapurthala",2005,"February",2005-02-01,"28"
"218","Punjab"," Ludhiana",2005,"February",2005-02-01,"59.4"
"219","Punjab"," Moga",2005,"February",2005-02-01,"34.7"
"220","Punjab"," Muktsar",2005,"February",2005-02-01,"27.5"
"221","Punjab"," Nawanshahar",2005,"February",2005-02-01,"81.4"
"222","Punjab"," Patiala",2005,"February",2005-02-01,"42.4"
"223","Punjab"," Ropar",2005,"February",2005-02-01,"122.4"
"224","Punjab"," Sangrur",2005,"February",2005-02-01,"45.1"
"225","Punjab","Amritsar",2005,"March",2005-03-01,"39.2"
"226","Punjab"," Bhatinda",2005,"March",2005-03-01,"42.6"
"227","Punjab"," Faridkot",2005,"March",2005-03-01,"N.A."
"228","Punjab"," Fatehgarh Sahib",2005,"March",2005-03-01,"9"
"229","Punjab"," Ferozpur",2005,"March",2005-03-01,"52.7"
"230","Punjab"," Gurdaspur",2005,"March",2005-03-01,"77.6"
"231","Punjab"," Hoshiarpur",2005,"March",2005-03-01,"26.4"
"232","Punjab"," Jalandhar",2005,"March",2005-03-01,"15.8"
"233","Punjab"," Kapurthala",2005,"March",2005-03-01,"21.5"
"234","Punjab"," Ludhiana",2005,"March",2005-03-01,"31.3"
"235","Punjab"," Moga",2005,"March",2005-03-01,"13.8"
"236","Punjab"," Muktsar",2005,"March",2005-03-01,"3.2"
"237","Punjab"," Nawanshahar",2005,"March",2005-03-01,"42.4"
"238","Punjab"," Patiala",2005,"March",2005-03-01,"22.4"
"239","Punjab"," Ropar",2005,"March",2005-03-01,"76.4"
"240","Punjab"," Sangrur",2005,"March",2005-03-01,"18.9"
"241","Punjab","Amritsar",2005,"April",2005-04-01,"10.6"
"242","Punjab"," Bhatinda",2005,"April",2005-04-01,"3.5"
"243","Punjab"," Faridkot",2005,"April",2005-04-01,"N.A."
"244","Punjab"," Fatehgarh Sahib",2005,"April",2005-04-01,"0"
"245","Punjab"," Ferozpur",2005,"April",2005-04-01,"11.9"
"246","Punjab"," Gurdaspur",2005,"April",2005-04-01,"19.4"
"247","Punjab"," Hoshiarpur",2005,"April",2005-04-01,"5.5"
"248","Punjab"," Jalandhar",2005,"April",2005-04-01,"5.2"
"249","Punjab"," Kapurthala",2005,"April",2005-04-01,"12"
"250","Punjab"," Ludhiana",2005,"April",2005-04-01,"1.7"
"251","Punjab"," Moga",2005,"April",2005-04-01,"7.3"
"252","Punjab"," Muktsar",2005,"April",2005-04-01,"0"
"253","Punjab"," Nawanshahar",2005,"April",2005-04-01,"1.3"
"254","Punjab"," Patiala",2005,"April",2005-04-01,"2.7"
"255","Punjab"," Ropar",2005,"April",2005-04-01,"1.7"
"256","Punjab"," Sangrur",2005,"April",2005-04-01,"3.5"
"257","Punjab","Amritsar",2005,"May",2005-05-01,"4.9"
"258","Punjab"," Bhatinda",2005,"May",2005-05-01,"21.1"
"259","Punjab"," Faridkot",2005,"May",2005-05-01,"N.A."
"260","Punjab"," Fatehgarh Sahib",2005,"May",2005-05-01,"0"
"261","Punjab"," Ferozpur",2005,"May",2005-05-01,"6.1"
"262","Punjab"," Gurdaspur",2005,"May",2005-05-01,"18.6"
"263","Punjab"," Hoshiarpur",2005,"May",2005-05-01,"8.2"
"264","Punjab"," Jalandhar",2005,"May",2005-05-01,"11.6"
"265","Punjab"," Kapurthala",2005,"May",2005-05-01,"12"
"266","Punjab"," Ludhiana",2005,"May",2005-05-01,"1.3"
"267","Punjab"," Moga",2005,"May",2005-05-01,"1.9"
"268","Punjab"," Muktsar",2005,"May",2005-05-01,"27.6"
"269","Punjab"," Nawanshahar",2005,"May",2005-05-01,"21.8"
"270","Punjab"," Patiala",2005,"May",2005-05-01,"2.4"
"271","Punjab"," Ropar",2005,"May",2005-05-01,"15"
"272","Punjab"," Sangrur",2005,"May",2005-05-01,"0"
"273","Punjab","Amritsar",2005,"June",2005-06-01,"62.1"
"274","Punjab"," Bhatinda",2005,"June",2005-06-01,"82.2"
"275","Punjab"," Faridkot",2005,"June",2005-06-01,"0"
"276","Punjab"," Fatehgarh Sahib",2005,"June",2005-06-01,"2"
"277","Punjab"," Ferozpur",2005,"June",2005-06-01,"10.3"
"278","Punjab"," Gurdaspur",2005,"June",2005-06-01,"46.9"
"279","Punjab"," Hoshiarpur",2005,"June",2005-06-01,"55.2"
"280","Punjab"," Jalandhar",2005,"June",2005-06-01,"64.3"
"281","Punjab"," Kapurthala",2005,"June",2005-06-01,"47"
"282","Punjab"," Ludhiana",2005,"June",2005-06-01,"41.1"
"283","Punjab"," Moga",2005,"June",2005-06-01,"5.2"
"284","Punjab"," Muktsar",2005,"June",2005-06-01,"85.8"
"285","Punjab"," Nawanshahar",2005,"June",2005-06-01,"72.8"
"286","Punjab"," Patiala",2005,"June",2005-06-01,"101.7"
"287","Punjab"," Ropar",2005,"June",2005-06-01,"33.5"
"288","Punjab"," Sangrur",2005,"June",2005-06-01,"24"
"289","Punjab","Amritsar",2005,"July",2005-07-01,"205.6"
"290","Punjab"," Bhatinda",2005,"July",2005-07-01,"168.5"
"291","Punjab"," Faridkot",2005,"July",2005-07-01,"26"
"292","Punjab"," Fatehgarh Sahib",2005,"July",2005-07-01,"197"
"293","Punjab"," Ferozpur",2005,"July",2005-07-01,"171.6"
"294","Punjab"," Gurdaspur",2005,"July",2005-07-01,"420.7"
"295","Punjab"," Hoshiarpur",2005,"July",2005-07-01,"192.1"
"296","Punjab"," Jalandhar",2005,"July",2005-07-01,"273.1"
"297","Punjab"," Kapurthala",2005,"July",2005-07-01,"177"
"298","Punjab"," Ludhiana",2005,"July",2005-07-01,"199.5"
"299","Punjab"," Moga",2005,"July",2005-07-01,"89.1"
"300","Punjab"," Muktsar",2005,"July",2005-07-01,"87"
"301","Punjab"," Nawanshahar",2005,"July",2005-07-01,"270.7"
"302","Punjab"," Patiala",2005,"July",2005-07-01,"271"
"303","Punjab"," Ropar",2005,"July",2005-07-01,"290.6"
"304","Punjab"," Sangrur",2005,"July",2005-07-01,"109.3"
"305","Punjab","Amritsar",2005,"August",2005-08-01,"110.3"
"306","Punjab"," Bhatinda",2005,"August",2005-08-01,"11"
"307","Punjab"," Faridkot",2005,"August",2005-08-01,"0"
"308","Punjab"," Fatehgarh Sahib",2005,"August",2005-08-01,"103"
"309","Punjab"," Ferozpur",2005,"August",2005-08-01,"80.5"
"310","Punjab"," Gurdaspur",2005,"August",2005-08-01,"201.6"
"311","Punjab"," Hoshiarpur",2005,"August",2005-08-01,"69.2"
"312","Punjab"," Jalandhar",2005,"August",2005-08-01,"104.2"
"313","Punjab"," Kapurthala",2005,"August",2005-08-01,"45.3"
"314","Punjab"," Ludhiana",2005,"August",2005-08-01,"128.2"
"315","Punjab"," Moga",2005,"August",2005-08-01,"61"
"316","Punjab"," Muktsar",2005,"August",2005-08-01,"0"
"317","Punjab"," Nawanshahar",2005,"August",2005-08-01,"171"
"318","Punjab"," Patiala",2005,"August",2005-08-01,"74.3"
"319","Punjab"," Ropar",2005,"August",2005-08-01,"169.8"
"320","Punjab"," Sangrur",2005,"August",2005-08-01,"49.8"
"321","Punjab","Amritsar",2005,"September",2005-09-01,"120.9"
"322","Punjab"," Bhatinda",2005,"September",2005-09-01,"109.6"
"323","Punjab"," Faridkot",2005,"September",2005-09-01,"N.A."
"324","Punjab"," Fatehgarh Sahib",2005,"September",2005-09-01,"N.A."
"325","Punjab"," Ferozpur",2005,"September",2005-09-01,"83.9"
"326","Punjab"," Gurdaspur",2005,"September",2005-09-01,"132.3"
"327","Punjab"," Hoshiarpur",2005,"September",2005-09-01,"2"
"328","Punjab"," Jalandhar",2005,"September",2005-09-01,"241.1"
"329","Punjab"," Kapurthala",2005,"September",2005-09-01,"306"
"330","Punjab"," Ludhiana",2005,"September",2005-09-01,"99.3"
"331","Punjab"," Moga",2005,"September",2005-09-01,"70.2"
"332","Punjab"," Muktsar",2005,"September",2005-09-01,"N.A."
"333","Punjab"," Nawanshahar",2005,"September",2005-09-01,"78.1"
"334","Punjab"," Patiala",2005,"September",2005-09-01,"215.9"
"335","Punjab"," Ropar",2005,"September",2005-09-01,"105.7"
"336","Punjab"," Sangrur",2005,"September",2005-09-01,"13"
"337","Punjab","Amritsar",2005,"October",2005-10-01,"3.4"
"338","Punjab"," Bhatinda",2005,"October",2005-10-01,"0"
"339","Punjab"," Faridkot",2005,"October",2005-10-01,"N.A."
"340","Punjab"," Fatehgarh Sahib",2005,"October",2005-10-01,"0"
"341","Punjab"," Ferozpur",2005,"October",2005-10-01,"0"
"342","Punjab"," Gurdaspur",2005,"October",2005-10-01,"0.8"
"343","Punjab"," Hoshiarpur",2005,"October",2005-10-01,"0"
"344","Punjab"," Jalandhar",2005,"October",2005-10-01,"0.1"
"345","Punjab"," Kapurthala",2005,"October",2005-10-01,"0"
"346","Punjab"," Ludhiana",2005,"October",2005-10-01,"0"
"347","Punjab"," Moga",2005,"October",2005-10-01,"0"
"348","Punjab"," Muktsar",2005,"October",2005-10-01,"0"
"349","Punjab"," Nawanshahar",2005,"October",2005-10-01,"0"
"350","Punjab"," Patiala",2005,"October",2005-10-01,"0"
"351","Punjab"," Ropar",2005,"October",2005-10-01,"0"
"352","Punjab"," Sangrur",2005,"October",2005-10-01,"0"
"353","Punjab","Amritsar",2005,"November",2005-11-01,"2.7"
"354","Punjab"," Bhatinda",2005,"November",2005-11-01,"0"
"355","Punjab"," Faridkot",2005,"November",2005-11-01,"N.A."
"356","Punjab"," Fatehgarh Sahib",2005,"November",2005-11-01,"0"
"357","Punjab"," Ferozpur",2005,"November",2005-11-01,"0"
"358","Punjab"," Gurdaspur",2005,"November",2005-11-01,"0"
"359","Punjab"," Hoshiarpur",2005,"November",2005-11-01,"0"
"360","Punjab"," Jalandhar",2005,"November",2005-11-01,"0"
"361","Punjab"," Kapurthala",2005,"November",2005-11-01,"0"
"362","Punjab"," Ludhiana",2005,"November",2005-11-01,"0"
"363","Punjab"," Moga",2005,"November",2005-11-01,"0"
"364","Punjab"," Muktsar",2005,"November",2005-11-01,"0"
"365","Punjab"," Nawanshahar",2005,"November",2005-11-01,"0"
"366","Punjab"," Patiala",2005,"November",2005-11-01,"0.3"
"367","Punjab"," Ropar",2005,"November",2005-11-01,"0"
"368","Punjab"," Sangrur",2005,"November",2005-11-01,"0"
"369","Punjab","Amritsar",2005,"December",2005-12-01,"0"
"370","Punjab"," Bhatinda",2005,"December",2005-12-01,"0"
"371","Punjab"," Faridkot",2005,"December",2005-12-01,"0"
"372","Punjab"," Fatehgarh Sahib",2005,"December",2005-12-01,"0"
"373","Punjab"," Ferozpur",2005,"December",2005-12-01,"0"
"374","Punjab"," Gurdaspur",2005,"December",2005-12-01,"0"
"375","Punjab"," Hoshiarpur",2005,"December",2005-12-01,"0"
"376","Punjab"," Jalandhar",2005,"December",2005-12-01,"0"
"377","Punjab"," Kapurthala",2005,"December",2005-12-01,"0"
"378","Punjab"," Ludhiana",2005,"December",2005-12-01,"0"
"379","Punjab"," Moga",2005,"December",2005-12-01,"0"
"380","Punjab"," Muktsar",2005,"December",2005-12-01,"0"
"381","Punjab"," Nawanshahar",2005,"December",2005-12-01,"0"
"382","Punjab"," Patiala",2005,"December",2005-12-01,"0"
"383","Punjab"," Ropar",2005,"December",2005-12-01,"0"
"384","Punjab"," Sangrur",2005,"December",2005-12-01,"0"
"385","Punjab","Amritsar",2006,"January",2006-01-01,"8.4"
"386","Punjab"," Bhatinda",2006,"January",2006-01-01,"14"
"387","Punjab"," Faridkot",2006,"January",2006-01-01,"N.A."
"388","Punjab"," Fatehgarh Sahib",2006,"January",2006-01-01,"0"
"389","Punjab"," Ferozpur",2006,"January",2006-01-01,"9.7"
"390","Punjab"," Gurdaspur",2006,"January",2006-01-01,"20.4"
"391","Punjab"," Hoshiarpur",2006,"January",2006-01-01,"8.5"
"392","Punjab"," Jalandhar",2006,"January",2006-01-01,"0.9"
"393","Punjab"," Kapurthala",2006,"January",2006-01-01,"1"
"394","Punjab"," Ludhiana",2006,"January",2006-01-01,"10.6"
"395","Punjab"," Moga",2006,"January",2006-01-01,"0"
"396","Punjab"," Muktsar",2006,"January",2006-01-01,"0"
"397","Punjab"," Nawanshahar",2006,"January",2006-01-01,"16.2"
"398","Punjab"," Patiala",2006,"January",2006-01-01,"12.6"
"399","Punjab"," Ropar",2006,"January",2006-01-01,"22.5"
"400","Punjab"," Sangrur",2006,"January",2006-01-01,"5"
"401","Punjab","Amritsar",2006,"February",2006-02-01,"8.2"
"402","Punjab"," Bhatinda",2006,"February",2006-02-01,"0"
"403","Punjab"," Faridkot",2006,"February",2006-02-01,"N.A."
"404","Punjab"," Fatehgarh Sahib",2006,"February",2006-02-01,"0"
"405","Punjab"," Ferozpur",2006,"February",2006-02-01,"0"
"406","Punjab"," Gurdaspur",2006,"February",2006-02-01,"10.4"
"407","Punjab"," Hoshiarpur",2006,"February",2006-02-01,"0"
"408","Punjab"," Jalandhar",2006,"February",2006-02-01,"9.8"
"409","Punjab"," Kapurthala",2006,"February",2006-02-01,"0"
"410","Punjab"," Ludhiana",2006,"February",2006-02-01,"0"
"411","Punjab"," Moga",2006,"February",2006-02-01,"0"
"412","Punjab"," Muktsar",2006,"February",2006-02-01,"0"
"413","Punjab"," Nawanshahar",2006,"February",2006-02-01,"5.2"
"414","Punjab"," Patiala",2006,"February",2006-02-01,"1.4"
"415","Punjab"," Ropar",2006,"February",2006-02-01,"4.5"
"416","Punjab"," Sangrur",2006,"February",2006-02-01,"0"
"417","Punjab","Amritsar",2006,"March",2006-03-01,"41.7"
"418","Punjab"," Bhatinda",2006,"March",2006-03-01,"60.2"
"419","Punjab"," Faridkot",2006,"March",2006-03-01,"N.A."
"420","Punjab"," Fatehgarh Sahib",2006,"March",2006-03-01,"0"
"421","Punjab"," Ferozpur",2006,"March",2006-03-01,"34.4"
"422","Punjab"," Gurdaspur",2006,"March",2006-03-01,"64"
"423","Punjab"," Hoshiarpur",2006,"March",2006-03-01,"0"
"424","Punjab"," Jalandhar",2006,"March",2006-03-01,"48.6"
"425","Punjab"," Kapurthala",2006,"March",2006-03-01,"0"
"426","Punjab"," Ludhiana",2006,"March",2006-03-01,"28.9"
"427","Punjab"," Moga",2006,"March",2006-03-01,"11.7"
"428","Punjab"," Muktsar",2006,"March",2006-03-01,"37.2"
"429","Punjab"," Nawanshahar",2006,"March",2006-03-01,"52"
"430","Punjab"," Patiala",2006,"March",2006-03-01,"41.6"
"431","Punjab"," Ropar",2006,"March",2006-03-01,"107.9"
"432","Punjab"," Sangrur",2006,"March",2006-03-01,"28"
"433","Punjab","Amritsar",2006,"April",2006-04-01,"0.2"
"434","Punjab"," Bhatinda",2006,"April",2006-04-01,"1.4"
"435","Punjab"," Faridkot",2006,"April",2006-04-01,"N.A."
"436","Punjab"," Fatehgarh Sahib",2006,"April",2006-04-01,"0"
"437","Punjab"," Ferozpur",2006,"April",2006-04-01,"0"
"438","Punjab"," Gurdaspur",2006,"April",2006-04-01,"8.7"
"439","Punjab"," Hoshiarpur",2006,"April",2006-04-01,"0"
"440","Punjab"," Jalandhar",2006,"April",2006-04-01,"1.1"
"441","Punjab"," Kapurthala",2006,"April",2006-04-01,"0"
"442","Punjab"," Ludhiana",2006,"April",2006-04-01,"0"
"443","Punjab"," Moga",2006,"April",2006-04-01,"0"
"444","Punjab"," Muktsar",2006,"April",2006-04-01,"0"
"445","Punjab"," Nawanshahar",2006,"April",2006-04-01,"0.7"
"446","Punjab"," Patiala",2006,"April",2006-04-01,"0.7"
"447","Punjab"," Ropar",2006,"April",2006-04-01,"11.4"
"448","Punjab"," Sangrur",2006,"April",2006-04-01,"0"
"449","Punjab","Amritsar",2006,"May",2006-05-01,"39.1"
"450","Punjab"," Bhatinda",2006,"May",2006-05-01,"49.4"
"451","Punjab"," Faridkot",2006,"May",2006-05-01,"N.A."
"452","Punjab"," Fatehgarh Sahib",2006,"May",2006-05-01,"0"
"453","Punjab"," Ferozpur",2006,"May",2006-05-01,"22.6"
"454","Punjab"," Gurdaspur",2006,"May",2006-05-01,"32.4"
"455","Punjab"," Hoshiarpur",2006,"May",2006-05-01,"0"
"456","Punjab"," Jalandhar",2006,"May",2006-05-01,"29.5"
"457","Punjab"," Kapurthala",2006,"May",2006-05-01,"0"
"458","Punjab"," Ludhiana",2006,"May",2006-05-01,"9.8"
"459","Punjab"," Moga",2006,"May",2006-05-01,"0"
"460","Punjab"," Muktsar",2006,"May",2006-05-01,"36"
"461","Punjab"," Nawanshahar",2006,"May",2006-05-01,"29"
"462","Punjab"," Patiala",2006,"May",2006-05-01,"28.8"
"463","Punjab"," Ropar",2006,"May",2006-05-01,"96.2"
"464","Punjab"," Sangrur",2006,"May",2006-05-01,"15"
"465","Punjab","Amritsar",2006,"June",2006-06-01,"106.5"
"466","Punjab"," Bhatinda",2006,"June",2006-06-01,"59.7"
"467","Punjab"," Faridkot",2006,"June",2006-06-01,"N.A."
"468","Punjab"," Fatehgarh Sahib",2006,"June",2006-06-01,"N.A."
"469","Punjab"," Ferozpur",2006,"June",2006-06-01,"68.7"
"470","Punjab"," Gurdaspur",2006,"June",2006-06-01,"86.5"
"471","Punjab"," Hoshiarpur",2006,"June",2006-06-01,"14.3"
"472","Punjab"," Jalandhar",2006,"June",2006-06-01,"40.3"
"473","Punjab"," Kapurthala",2006,"June",2006-06-01,"N.A."
"474","Punjab"," Ludhiana",2006,"June",2006-06-01,"42.7"
"475","Punjab"," Moga",2006,"June",2006-06-01,"9.1"
"476","Punjab"," Muktsar",2006,"June",2006-06-01,"57.2"
"477","Punjab"," Nawanshahar",2006,"June",2006-06-01,"68.5"
"478","Punjab"," Patiala",2006,"June",2006-06-01,"37.1"
"479","Punjab"," Ropar",2006,"June",2006-06-01,"149.1"
"480","Punjab"," Sangrur",2006,"June",2006-06-01,"25.3"
"481","Punjab","Amritsar",2006,"July",2006-07-01,"365.6"
"482","Punjab"," Bhatinda",2006,"July",2006-07-01,"50.3"
"483","Punjab"," Faridkot",2006,"July",2006-07-01,"106.5"
"484","Punjab"," Fatehgarh Sahib",2006,"July",2006-07-01,"N.A."
"485","Punjab"," Ferozpur",2006,"July",2006-07-01,"49.6"
"486","Punjab"," Gurdaspur",2006,"July",2006-07-01,"359.5"
"487","Punjab"," Hoshiarpur",2006,"July",2006-07-01,"234.8"
"488","Punjab"," Jalandhar",2006,"July",2006-07-01,"180.4"
"489","Punjab"," Kapurthala",2006,"July",2006-07-01,"197.7"
"490","Punjab"," Ludhiana",2006,"July",2006-07-01,"102.8"
"491","Punjab"," Moga",2006,"July",2006-07-01,"26.4"
"492","Punjab"," Muktsar",2006,"July",2006-07-01,"83.6"
"493","Punjab"," Nawanshahar",2006,"July",2006-07-01,"154.9"
"494","Punjab"," Patiala",2006,"July",2006-07-01,"179.7"
"495","Punjab"," Ropar",2006,"July",2006-07-01,"285.7"
"496","Punjab"," Sangrur",2006,"July",2006-07-01,"129.6"
"497","Punjab","Amritsar",2006,"August",2006-08-01,"124.7"
"498","Punjab"," Bhatinda",2006,"August",2006-08-01,"1.3"
"499","Punjab"," Faridkot",2006,"August",2006-08-01,"83.8"
"500","Punjab"," Fatehgarh Sahib",2006,"August",2006-08-01,"N.A."
"501","Punjab"," Ferozpur",2006,"August",2006-08-01,"45"
"502","Punjab"," Gurdaspur",2006,"August",2006-08-01,"232.5"
"503","Punjab"," Hoshiarpur",2006,"August",2006-08-01,"146.2"
"504","Punjab"," Jalandhar",2006,"August",2006-08-01,"137.5"
"505","Punjab"," Kapurthala",2006,"August",2006-08-01,"138.5"
"506","Punjab"," Ludhiana",2006,"August",2006-08-01,"89.9"
"507","Punjab"," Moga",2006,"August",2006-08-01,"147.4"
"508","Punjab"," Muktsar",2006,"August",2006-08-01,"33.3"
"509","Punjab"," Nawanshahar",2006,"August",2006-08-01,"119"
"510","Punjab"," Patiala",2006,"August",2006-08-01,"95.3"
"511","Punjab"," Ropar",2006,"August",2006-08-01,"323.8"
"512","Punjab"," Sangrur",2006,"August",2006-08-01,"46.7"
"513","Punjab","Amritsar",2006,"September",2006-09-01,"194.3"
"514","Punjab"," Bhatinda",2006,"September",2006-09-01,"50.7"
"515","Punjab"," Faridkot",2006,"September",2006-09-01,"25"
"516","Punjab"," Fatehgarh Sahib",2006,"September",2006-09-01,"N.A."
"517","Punjab"," Ferozpur",2006,"September",2006-09-01,"119.5"
"518","Punjab"," Gurdaspur",2006,"September",2006-09-01,"123.7"
"519","Punjab"," Hoshiarpur",2006,"September",2006-09-01,"76.9"
"520","Punjab"," Jalandhar",2006,"September",2006-09-01,"102.2"
"521","Punjab"," Kapurthala",2006,"September",2006-09-01,"122"
"522","Punjab"," Ludhiana",2006,"September",2006-09-01,"96.5"
"523","Punjab"," Moga",2006,"September",2006-09-01,"90.5"
"524","Punjab"," Muktsar",2006,"September",2006-09-01,"91"
"525","Punjab"," Nawanshahar",2006,"September",2006-09-01,"158.4"
"526","Punjab"," Patiala",2006,"September",2006-09-01,"20.6"
"527","Punjab"," Ropar",2006,"September",2006-09-01,"65.3"
"528","Punjab"," Sangrur",2006,"September",2006-09-01,"83"
"529","Punjab","Amritsar",2006,"October",2006-10-01,"40.6"
"530","Punjab"," Bhatinda",2006,"October",2006-10-01,"2.1"
"531","Punjab"," Faridkot",2006,"October",2006-10-01,"N.A."
"532","Punjab"," Fatehgarh Sahib",2006,"October",2006-10-01,"N.A."
"533","Punjab"," Ferozpur",2006,"October",2006-10-01,"12"
"534","Punjab"," Gurdaspur",2006,"October",2006-10-01,"64.4"
"535","Punjab"," Hoshiarpur",2006,"October",2006-10-01,"0"
"536","Punjab"," Jalandhar",2006,"October",2006-10-01,"16.7"
"537","Punjab"," Kapurthala",2006,"October",2006-10-01,"0"
"538","Punjab"," Ludhiana",2006,"October",2006-10-01,"8.9"
"539","Punjab"," Moga",2006,"October",2006-10-01,"6.2"
"540","Punjab"," Muktsar",2006,"October",2006-10-01,"6.1"
"541","Punjab"," Nawanshahar",2006,"October",2006-10-01,"3.7"
"542","Punjab"," Patiala",2006,"October",2006-10-01,"1"
"543","Punjab"," Ropar",2006,"October",2006-10-01,"2.7"
"544","Punjab"," Sangrur",2006,"October",2006-10-01,"0"
"545","Punjab","Amritsar",2006,"November",2006-11-01,"11"
"546","Punjab"," Bhatinda",2006,"November",2006-11-01,"19.5"
"547","Punjab"," Faridkot",2006,"November",2006-11-01,"N.A."
"548","Punjab"," Fatehgarh Sahib",2006,"November",2006-11-01,"N.A."
"549","Punjab"," Ferozpur",2006,"November",2006-11-01,"4"
"550","Punjab"," Gurdaspur",2006,"November",2006-11-01,"9.1"
"551","Punjab"," Hoshiarpur",2006,"November",2006-11-01,"0.4"
"552","Punjab"," Jalandhar",2006,"November",2006-11-01,"5.3"
"553","Punjab"," Kapurthala",2006,"November",2006-11-01,"0"
"554","Punjab"," Ludhiana",2006,"November",2006-11-01,"15.1"
"555","Punjab"," Moga",2006,"November",2006-11-01,"18.1"
"556","Punjab"," Muktsar",2006,"November",2006-11-01,"0"
"557","Punjab"," Nawanshahar",2006,"November",2006-11-01,"5.7"
"558","Punjab"," Patiala",2006,"November",2006-11-01,"13.5"
"559","Punjab"," Ropar",2006,"November",2006-11-01,"7.3"
"560","Punjab"," Sangrur",2006,"November",2006-11-01,"0"
"561","Punjab","Amritsar",2006,"December",2006-12-01,"17.2"
"562","Punjab"," Bhatinda",2006,"December",2006-12-01,"9.2"
"563","Punjab"," Faridkot",2006,"December",2006-12-01,"2.6"
"564","Punjab"," Fatehgarh Sahib",2006,"December",2006-12-01,"0"
"565","Punjab"," Ferozpur",2006,"December",2006-12-01,"7"
"566","Punjab"," Gurdaspur",2006,"December",2006-12-01,"20.8"
"567","Punjab"," Hoshiarpur",2006,"December",2006-12-01,"8.5"
"568","Punjab"," Jalandhar",2006,"December",2006-12-01,"4.6"
"569","Punjab"," Kapurthala",2006,"December",2006-12-01,"0"
"570","Punjab"," Ludhiana",2006,"December",2006-12-01,"8.9"
"571","Punjab"," Moga",2006,"December",2006-12-01,"4.9"
"572","Punjab"," Muktsar",2006,"December",2006-12-01,"0"
"573","Punjab"," Nawanshahar",2006,"December",2006-12-01,"13.2"
"574","Punjab"," Patiala",2006,"December",2006-12-01,"4.5"
"575","Punjab"," Ropar",2006,"December",2006-12-01,"19.8"
"576","Punjab"," Sangrur",2006,"December",2006-12-01,"2"
"577","Punjab","Amritsar",2007,"January",2007-01-01,"0"
"578","Punjab"," Bhatinda",2007,"January",2007-01-01,"0"
"579","Punjab"," Faridkot",2007,"January",2007-01-01,"0"
"580","Punjab"," Fatehgarh Sahib",2007,"January",2007-01-01,"0"
"581","Punjab"," Ferozpur",2007,"January",2007-01-01,"0"
"582","Punjab"," Gurdaspur",2007,"January",2007-01-01,"0"
"583","Punjab"," Hoshiarpur",2007,"January",2007-01-01,"0.3"
"584","Punjab"," Jalandhar",2007,"January",2007-01-01,"4.4"
"585","Punjab"," Kapurthala",2007,"January",2007-01-01,"N.A."
"586","Punjab"," Ludhiana",2007,"January",2007-01-01,"2.6"
"587","Punjab"," Moga",2007,"January",2007-01-01,"0"
"588","Punjab"," Muktsar",2007,"January",2007-01-01,"N.A."
"589","Punjab"," Nawanshahar",2007,"January",2007-01-01,"4"
"590","Punjab"," Patiala",2007,"January",2007-01-01,"2.5"
"591","Punjab"," Ropar",2007,"January",2007-01-01,"1.2"
"592","Punjab"," Sangrur",2007,"January",2007-01-01,"0"
"593","Punjab","Amritsar",2007,"February",2007-02-01,"89"
"594","Punjab"," Bhatinda",2007,"February",2007-02-01,"79.5"
"595","Punjab"," Faridkot",2007,"February",2007-02-01,"6.2"
"596","Punjab"," Fatehgarh Sahib",2007,"February",2007-02-01,"0"
"597","Punjab"," Ferozpur",2007,"February",2007-02-01,"50"
"598","Punjab"," Gurdaspur",2007,"February",2007-02-01,"78.3"
"599","Punjab"," Hoshiarpur",2007,"February",2007-02-01,"83"
"600","Punjab"," Jalandhar",2007,"February",2007-02-01,"83.7"
"601","Punjab"," Kapurthala",2007,"February",2007-02-01,"N.A."
"602","Punjab"," Ludhiana",2007,"February",2007-02-01,"61.6"
"603","Punjab"," Moga",2007,"February",2007-02-01,"21.2"
"604","Punjab"," Muktsar",2007,"February",2007-02-01,"96.7"
"605","Punjab"," Nawanshahar",2007,"February",2007-02-01,"126.8"
"606","Punjab"," Patiala",2007,"February",2007-02-01,"64"
"607","Punjab"," Ropar",2007,"February",2007-02-01,"98.7"
"608","Punjab"," Sangrur",2007,"February",2007-02-01,"81"
"609","Punjab","Amritsar",2007,"March",2007-03-01,"45"
"610","Punjab"," Bhatinda",2007,"March",2007-03-01,"10.8"
"611","Punjab"," Faridkot",2007,"March",2007-03-01,"20.5"
"612","Punjab"," Fatehgarh Sahib",2007,"March",2007-03-01,"5"
"613","Punjab"," Ferozpur",2007,"March",2007-03-01,"18.3"
"614","Punjab"," Gurdaspur",2007,"March",2007-03-01,"169.1"
"615","Punjab"," Hoshiarpur",2007,"March",2007-03-01,"77"
"616","Punjab"," Jalandhar",2007,"March",2007-03-01,"60.6"
"617","Punjab"," Kapurthala",2007,"March",2007-03-01,"N.A."
"618","Punjab"," Ludhiana",2007,"March",2007-03-01,"81.5"
"619","Punjab"," Moga",2007,"March",2007-03-01,"27.7"
"620","Punjab"," Muktsar",2007,"March",2007-03-01,"25.2"
"621","Punjab"," Nawanshahar",2007,"March",2007-03-01,"120.5"
"622","Punjab"," Patiala",2007,"March",2007-03-01,"38.4"
"623","Punjab"," Ropar",2007,"March",2007-03-01,"115.1"
"624","Punjab"," Sangrur",2007,"March",2007-03-01,"58"
"625","Punjab","Amritsar",2007,"April",2007-04-01,"0.3"
"626","Punjab"," Bhatinda",2007,"April",2007-04-01,"0"
"627","Punjab"," Faridkot",2007,"April",2007-04-01,"0"
"628","Punjab"," Fatehgarh Sahib",2007,"April",2007-04-01,"1"
"629","Punjab"," Ferozpur",2007,"April",2007-04-01,"0"
"630","Punjab"," Gurdaspur",2007,"April",2007-04-01,"14.5"
"631","Punjab"," Hoshiarpur",2007,"April",2007-04-01,"6.1"
"632","Punjab"," Jalandhar",2007,"April",2007-04-01,"10.1"
"633","Punjab"," Kapurthala",2007,"April",2007-04-01,"0"
"634","Punjab"," Ludhiana",2007,"April",2007-04-01,"17"
"635","Punjab"," Moga",2007,"April",2007-04-01,"0"
"636","Punjab"," Muktsar",2007,"April",2007-04-01,"0"
"637","Punjab"," Nawanshahar",2007,"April",2007-04-01,"20.1"
"638","Punjab"," Patiala",2007,"April",2007-04-01,"10.6"
"639","Punjab"," Ropar",2007,"April",2007-04-01,"26"
"640","Punjab"," Sangrur",2007,"April",2007-04-01,"3.5"
"641","Punjab","Amritsar",2007,"May",2007-05-01,"19.9"
"642","Punjab"," Bhatinda",2007,"May",2007-05-01,"0"
"643","Punjab"," Faridkot",2007,"May",2007-05-01,"6.8"
"644","Punjab"," Fatehgarh Sahib",2007,"May",2007-05-01,"0"
"645","Punjab"," Ferozpur",2007,"May",2007-05-01,"0"
"646","Punjab"," Gurdaspur",2007,"May",2007-05-01,"39.3"
"647","Punjab"," Hoshiarpur",2007,"May",2007-05-01,"9.6"
"648","Punjab"," Jalandhar",2007,"May",2007-05-01,"1.7"
"649","Punjab"," Kapurthala",2007,"May",2007-05-01,"0"
"650","Punjab"," Ludhiana",2007,"May",2007-05-01,"8.3"
"651","Punjab"," Moga",2007,"May",2007-05-01,"0"
"652","Punjab"," Muktsar",2007,"May",2007-05-01,"0.6"
"653","Punjab"," Nawanshahar",2007,"May",2007-05-01,"12.3"
"654","Punjab"," Patiala",2007,"May",2007-05-01,"4.1"
"655","Punjab"," Ropar",2007,"May",2007-05-01,"9.5"
"656","Punjab"," Sangrur",2007,"May",2007-05-01,"0"
"657","Punjab","Amritsar",2007,"June",2007-06-01,"143.1"
"658","Punjab"," Bhatinda",2007,"June",2007-06-01,"54.1"
"659","Punjab"," Faridkot",2007,"June",2007-06-01,"80"
"660","Punjab"," Fatehgarh Sahib",2007,"June",2007-06-01,"2"
"661","Punjab"," Ferozpur",2007,"June",2007-06-01,"61.1"
"662","Punjab"," Gurdaspur",2007,"June",2007-06-01,"187.8"
"663","Punjab"," Hoshiarpur",2007,"June",2007-06-01,"85.6"
"664","Punjab"," Jalandhar",2007,"June",2007-06-01,"92.6"
"665","Punjab"," Kapurthala",2007,"June",2007-06-01,"27"
"666","Punjab"," Ludhiana",2007,"June",2007-06-01,"79.9"
"667","Punjab"," Moga",2007,"June",2007-06-01,"39.8"
"668","Punjab"," Muktsar",2007,"June",2007-06-01,"66"
"669","Punjab"," Nawanshahar",2007,"June",2007-06-01,"137.2"
"670","Punjab"," Patiala",2007,"June",2007-06-01,"73.6"
"671","Punjab"," Ropar",2007,"June",2007-06-01,"75.4"
"672","Punjab"," Sangrur",2007,"June",2007-06-01,"23"
"673","Punjab","Amritsar",2007,"July",2007-07-01,"58.9"
"674","Punjab"," Bhatinda",2007,"July",2007-07-01,"56.6"
"675","Punjab"," Faridkot",2007,"July",2007-07-01,"0"
"676","Punjab"," Fatehgarh Sahib",2007,"July",2007-07-01,"0"
"677","Punjab"," Ferozpur",2007,"July",2007-07-01,"84"
"678","Punjab"," Gurdaspur",2007,"July",2007-07-01,"231.8"
"679","Punjab"," Hoshiarpur",2007,"July",2007-07-01,"205.4"
"680","Punjab"," Jalandhar",2007,"July",2007-07-01,"159.8"
"681","Punjab"," Kapurthala",2007,"July",2007-07-01,"43"
"682","Punjab"," Ludhiana",2007,"July",2007-07-01,"50.4"
"683","Punjab"," Moga",2007,"July",2007-07-01,"58"
"684","Punjab"," Muktsar",2007,"July",2007-07-01,"73.5"
"685","Punjab"," Nawanshahar",2007,"July",2007-07-01,"135.7"
"686","Punjab"," Patiala",2007,"July",2007-07-01,"48.2"
"687","Punjab"," Ropar",2007,"July",2007-07-01,"191.1"
"688","Punjab"," Sangrur",2007,"July",2007-07-01,"0"
"689","Punjab","Amritsar",2007,"August",2007-08-01,"138.5"
"690","Punjab"," Bhatinda",2007,"August",2007-08-01,"22.8"
"691","Punjab"," Faridkot",2007,"August",2007-08-01,"200.7"
"692","Punjab"," Fatehgarh Sahib",2007,"August",2007-08-01,"125.5"
"693","Punjab"," Ferozpur",2007,"August",2007-08-01,"56"
"694","Punjab"," Gurdaspur",2007,"August",2007-08-01,"418.8"
"695","Punjab"," Hoshiarpur",2007,"August",2007-08-01,"110"
"696","Punjab"," Jalandhar",2007,"August",2007-08-01,"155"
"697","Punjab"," Kapurthala",2007,"August",2007-08-01,"50.3"
"698","Punjab"," Ludhiana",2007,"August",2007-08-01,"72.6"
"699","Punjab"," Moga",2007,"August",2007-08-01,"110.2"
"700","Punjab"," Muktsar",2007,"August",2007-08-01,"146.2"
"701","Punjab"," Nawanshahar",2007,"August",2007-08-01,"63.6"
"702","Punjab"," Patiala",2007,"August",2007-08-01,"179.2"
"703","Punjab"," Ropar",2007,"August",2007-08-01,"341.2"
"704","Punjab"," Sangrur",2007,"August",2007-08-01,"32"
"705","Punjab","Amritsar",2007,"September",2007-09-01,"62.7"
"706","Punjab"," Bhatinda",2007,"September",2007-09-01,"27.5"
"707","Punjab"," Faridkot",2007,"September",2007-09-01,"38.4"
"708","Punjab"," Fatehgarh Sahib",2007,"September",2007-09-01,"22.5"
"709","Punjab"," Ferozpur",2007,"September",2007-09-01,"17.5"
"710","Punjab"," Gurdaspur",2007,"September",2007-09-01,"40.8"
"711","Punjab"," Hoshiarpur",2007,"September",2007-09-01,"23"
"712","Punjab"," Jalandhar",2007,"September",2007-09-01,"41.6"
"713","Punjab"," Kapurthala",2007,"September",2007-09-01,"17.3"
"714","Punjab"," Ludhiana",2007,"September",2007-09-01,"93.6"
"715","Punjab"," Moga",2007,"September",2007-09-01,"17"
"716","Punjab"," Muktsar",2007,"September",2007-09-01,"17"
"717","Punjab"," Nawanshahar",2007,"September",2007-09-01,"63.9"
"718","Punjab"," Patiala",2007,"September",2007-09-01,"47.8"
"719","Punjab"," Ropar",2007,"September",2007-09-01,"110.9"
"720","Punjab"," Sangrur",2007,"September",2007-09-01,"16"
"721","Punjab","Amritsar",2007,"October",2007-10-01,"0"
"722","Punjab"," Bhatinda",2007,"October",2007-10-01,"0"
"723","Punjab"," Faridkot",2007,"October",2007-10-01,"0"
"724","Punjab"," Fatehgarh Sahib",2007,"October",2007-10-01,"0"
"725","Punjab"," Ferozpur",2007,"October",2007-10-01,"0"
"726","Punjab"," Gurdaspur",2007,"October",2007-10-01,"0"
"727","Punjab"," Hoshiarpur",2007,"October",2007-10-01,"0"
"728","Punjab"," Jalandhar",2007,"October",2007-10-01,"0"
"729","Punjab"," Kapurthala",2007,"October",2007-10-01,"0"
"730","Punjab"," Ludhiana",2007,"October",2007-10-01,"0"
"731","Punjab"," Moga",2007,"October",2007-10-01,"0"
"732","Punjab"," Muktsar",2007,"October",2007-10-01,"0"
"733","Punjab"," Nawanshahar",2007,"October",2007-10-01,"0"
"734","Punjab"," Patiala",2007,"October",2007-10-01,"3"
"735","Punjab"," Ropar",2007,"October",2007-10-01,"1.1"
"736","Punjab"," Sangrur",2007,"October",2007-10-01,"0"
"737","Punjab","Amritsar",2007,"November",2007-11-01,"13.6"
"738","Punjab"," Bhatinda",2007,"November",2007-11-01,"2.2"
"739","Punjab"," Faridkot",2007,"November",2007-11-01,"0"
"740","Punjab"," Fatehgarh Sahib",2007,"November",2007-11-01,"0"
"741","Punjab"," Ferozpur",2007,"November",2007-11-01,"0"
"742","Punjab"," Gurdaspur",2007,"November",2007-11-01,"8.8"
"743","Punjab"," Hoshiarpur",2007,"November",2007-11-01,"0.7"
"744","Punjab"," Jalandhar",2007,"November",2007-11-01,"0.1"
"745","Punjab"," Kapurthala",2007,"November",2007-11-01,"0"
"746","Punjab"," Ludhiana",2007,"November",2007-11-01,"1.3"
"747","Punjab"," Moga",2007,"November",2007-11-01,"0"
"748","Punjab"," Muktsar",2007,"November",2007-11-01,"0"
"749","Punjab"," Nawanshahar",2007,"November",2007-11-01,"3"
"750","Punjab"," Patiala",2007,"November",2007-11-01,"0"
"751","Punjab"," Ropar",2007,"November",2007-11-01,"4.5"
"752","Punjab"," Sangrur",2007,"November",2007-11-01,"0"
"753","Punjab","Amritsar",2007,"December",2007-12-01,"4"
"754","Punjab"," Bhatinda",2007,"December",2007-12-01,"0"
"755","Punjab"," Faridkot",2007,"December",2007-12-01,"14.2"
"756","Punjab"," Fatehgarh Sahib",2007,"December",2007-12-01,"0"
"757","Punjab"," Ferozpur",2007,"December",2007-12-01,"3"
"758","Punjab"," Gurdaspur",2007,"December",2007-12-01,"9.7"
"759","Punjab"," Hoshiarpur",2007,"December",2007-12-01,"20.3"
"760","Punjab"," Jalandhar",2007,"December",2007-12-01,"13.2"
"761","Punjab"," Kapurthala",2007,"December",2007-12-01,"0"
"762","Punjab"," Ludhiana",2007,"December",2007-12-01,"5.4"
"763","Punjab"," Moga",2007,"December",2007-12-01,"9.9"
"764","Punjab"," Muktsar",2007,"December",2007-12-01,"14.5"
"765","Punjab"," Nawanshahar",2007,"December",2007-12-01,"14.3"
"766","Punjab"," Patiala",2007,"December",2007-12-01,"2.3"
"767","Punjab"," Ropar",2007,"December",2007-12-01,"16.5"
"768","Punjab"," Sangrur",2007,"December",2007-12-01,"3"
"769","Punjab","Amritsar",2008,"January",2008-01-01,"32.3"
"770","Punjab"," Bhatinda",2008,"January",2008-01-01,"3.7"
"771","Punjab"," Faridkot",2008,"January",2008-01-01,"14.2"
"772","Punjab"," Fatehgarh Sahib",2008,"January",2008-01-01,"8.1"
"773","Punjab"," Ferozpur",2008,"January",2008-01-01,"3"
"774","Punjab"," Gurdaspur",2008,"January",2008-01-01,"25.1"
"775","Punjab"," Hoshiarpur",2008,"January",2008-01-01,"21.8"
"776","Punjab"," Jalandhar",2008,"January",2008-01-01,"11.3"
"777","Punjab"," Kapurthala",2008,"January",2008-01-01,"N.A."
"778","Punjab"," Ludhiana",2008,"January",2008-01-01,"8.6"
"779","Punjab"," Moga",2008,"January",2008-01-01,"5.6"
"780","Punjab"," Muktsar",2008,"January",2008-01-01,"11"
"781","Punjab"," Nawanshahar",2008,"January",2008-01-01,"19.2"
"782","Punjab"," Patiala",2008,"January",2008-01-01,"14.9"
"783","Punjab"," Ropar",2008,"January",2008-01-01,"26.5"
"784","Punjab"," Sangrur",2008,"January",2008-01-01,"13"
"785","Punjab","Amritsar",2008,"February",2008-02-01,"8"
"786","Punjab"," Bhatinda",2008,"February",2008-02-01,"2.9"
"787","Punjab"," Faridkot",2008,"February",2008-02-01,"8"
"788","Punjab"," Fatehgarh Sahib",2008,"February",2008-02-01,"0"
"789","Punjab"," Ferozpur",2008,"February",2008-02-01,"0.5"
"790","Punjab"," Gurdaspur",2008,"February",2008-02-01,"24.3"
"791","Punjab"," Hoshiarpur",2008,"February",2008-02-01,"10.6"
"792","Punjab"," Jalandhar",2008,"February",2008-02-01,"3.4"
"793","Punjab"," Kapurthala",2008,"February",2008-02-01,"N.A."
"794","Punjab"," Ludhiana",2008,"February",2008-02-01,"4.5"
"795","Punjab"," Moga",2008,"February",2008-02-01,"1.2"
"796","Punjab"," Muktsar",2008,"February",2008-02-01,"14"
"797","Punjab"," Nawanshahar",2008,"February",2008-02-01,"9"
"798","Punjab"," Patiala",2008,"February",2008-02-01,"2.8"
"799","Punjab"," Ropar",2008,"February",2008-02-01,"7.6"
"800","Punjab"," Sangrur",2008,"February",2008-02-01,"4"
"801","Punjab","Amritsar",2008,"March",2008-03-01,"0"
"802","Punjab"," Bhatinda",2008,"March",2008-03-01,"0"
"803","Punjab"," Faridkot",2008,"March",2008-03-01,"0"
"804","Punjab"," Fatehgarh Sahib",2008,"March",2008-03-01,"0"
"805","Punjab"," Ferozpur",2008,"March",2008-03-01,"0"
"806","Punjab"," Gurdaspur",2008,"March",2008-03-01,"0"
"807","Punjab"," Hoshiarpur",2008,"March",2008-03-01,"0"
"808","Punjab"," Jalandhar",2008,"March",2008-03-01,"0"
"809","Punjab"," Kapurthala",2008,"March",2008-03-01,"N.A."
"810","Punjab"," Ludhiana",2008,"March",2008-03-01,"0"
"811","Punjab"," Moga",2008,"March",2008-03-01,"0"
"812","Punjab"," Muktsar",2008,"March",2008-03-01,"0"
"813","Punjab"," Nawanshahar",2008,"March",2008-03-01,"0"
"814","Punjab"," Patiala",2008,"March",2008-03-01,"0"
"815","Punjab"," Ropar",2008,"March",2008-03-01,"0"
"816","Punjab"," Sangrur",2008,"March",2008-03-01,"0"
"817","Punjab","Amritsar",2008,"April",2008-04-01,"67.4"
"818","Punjab"," Bhatinda",2008,"April",2008-04-01,"23.2"
"819","Punjab"," Faridkot",2008,"April",2008-04-01,"12.8"
"820","Punjab"," Fatehgarh Sahib",2008,"April",2008-04-01,"7"
"821","Punjab"," Ferozpur",2008,"April",2008-04-01,"8"
"822","Punjab"," Gurdaspur",2008,"April",2008-04-01,"41.2"
"823","Punjab"," Hoshiarpur",2008,"April",2008-04-01,"33.7"
"824","Punjab"," Jalandhar",2008,"April",2008-04-01,"43.1"
"825","Punjab"," Kapurthala",2008,"April",2008-04-01,"N.A."
"826","Punjab"," Ludhiana",2008,"April",2008-04-01,"47"
"827","Punjab"," Moga",2008,"April",2008-04-01,"0"
"828","Punjab"," Muktsar",2008,"April",2008-04-01,"22"
"829","Punjab"," Nawanshahar",2008,"April",2008-04-01,"26.1"
"830","Punjab"," Patiala",2008,"April",2008-04-01,"19.5"
"831","Punjab"," Ropar",2008,"April",2008-04-01,"27.8"
"832","Punjab"," Sangrur",2008,"April",2008-04-01,"43.3"
"833","Punjab","Amritsar",2008,"May",2008-05-01,"28.5"
"834","Punjab"," Bhatinda",2008,"May",2008-05-01,"36.5"
"835","Punjab"," Faridkot",2008,"May",2008-05-01,"36.8"
"836","Punjab"," Fatehgarh Sahib",2008,"May",2008-05-01,"58"
"837","Punjab"," Ferozpur",2008,"May",2008-05-01,"11"
"838","Punjab"," Gurdaspur",2008,"May",2008-05-01,"39.7"
"839","Punjab"," Hoshiarpur",2008,"May",2008-05-01,"8.3"
"840","Punjab"," Jalandhar",2008,"May",2008-05-01,"7"
"841","Punjab"," Kapurthala",2008,"May",2008-05-01,"N.A."
"842","Punjab"," Ludhiana",2008,"May",2008-05-01,"77.2"
"843","Punjab"," Moga",2008,"May",2008-05-01,"44.8"
"844","Punjab"," Muktsar",2008,"May",2008-05-01,"26"
"845","Punjab"," Nawanshahar",2008,"May",2008-05-01,"62.8"
"846","Punjab"," Patiala",2008,"May",2008-05-01,"176.8"
"847","Punjab"," Ropar",2008,"May",2008-05-01,"19"
"848","Punjab"," Sangrur",2008,"May",2008-05-01,"10"
"849","Punjab","Amritsar",2008,"June",2008-06-01,"168.8"
"850","Punjab"," Bhatinda",2008,"June",2008-06-01,"190.8"
"851","Punjab"," Faridkot",2008,"June",2008-06-01,"63.8"
"852","Punjab"," Fatehgarh Sahib",2008,"June",2008-06-01,"14"
"853","Punjab"," Ferozpur",2008,"June",2008-06-01,"12.5"
"854","Punjab"," Gurdaspur",2008,"June",2008-06-01,"379.3"
"855","Punjab"," Hoshiarpur",2008,"June",2008-06-01,"261.2"
"856","Punjab"," Jalandhar",2008,"June",2008-06-01,"195.7"
"857","Punjab"," Kapurthala",2008,"June",2008-06-01,"N.A."
"858","Punjab"," Ludhiana",2008,"June",2008-06-01,"252.3"
"859","Punjab"," Moga",2008,"June",2008-06-01,"125.1"
"860","Punjab"," Muktsar",2008,"June",2008-06-01,"137.6"
"861","Punjab"," Nawanshahar",2008,"June",2008-06-01,"335.8"
"862","Punjab"," Patiala",2008,"June",2008-06-01,"481.1"
"863","Punjab"," Ropar",2008,"June",2008-06-01,"292.5"
"864","Punjab"," Sangrur",2008,"June",2008-06-01,"147.7"
"865","Punjab","Amritsar",2008,"July",2008-07-01,"144.3"
"866","Punjab"," Bhatinda",2008,"July",2008-07-01,"58.2"
"867","Punjab"," Faridkot",2008,"July",2008-07-01,"51.4"
"868","Punjab"," Fatehgarh Sahib",2008,"July",2008-07-01,"28"
"869","Punjab"," Ferozpur",2008,"July",2008-07-01,"5"
"870","Punjab"," Gurdaspur",2008,"July",2008-07-01,"232"
"871","Punjab"," Hoshiarpur",2008,"July",2008-07-01,"214.4"
"872","Punjab"," Jalandhar",2008,"July",2008-07-01,"123.9"
"873","Punjab"," Kapurthala",2008,"July",2008-07-01,"123"
"874","Punjab"," Ludhiana",2008,"July",2008-07-01,"89.3"
"875","Punjab"," Moga",2008,"July",2008-07-01,"40"
"876","Punjab"," Muktsar",2008,"July",2008-07-01,"7"
"877","Punjab"," Nawanshahar",2008,"July",2008-07-01,"137.8"
"878","Punjab"," Patiala",2008,"July",2008-07-01,"101.8"
"879","Punjab"," Ropar",2008,"July",2008-07-01,"155.4"
"880","Punjab"," Sangrur",2008,"July",2008-07-01,"43.5"
"881","Punjab","Amritsar",2008,"August",2008-08-01,"355.5"
"882","Punjab"," Bhatinda",2008,"August",2008-08-01,"155.3"
"883","Punjab"," Faridkot",2008,"August",2008-08-01,"157.2"
"884","Punjab"," Fatehgarh Sahib",2008,"August",2008-08-01,"73"
"885","Punjab"," Ferozpur",2008,"August",2008-08-01,"60.3"
"886","Punjab"," Gurdaspur",2008,"August",2008-08-01,"442.2"
"887","Punjab"," Hoshiarpur",2008,"August",2008-08-01,"390.1"
"888","Punjab"," Jalandhar",2008,"August",2008-08-01,"301.1"
"889","Punjab"," Kapurthala",2008,"August",2008-08-01,"583"
"890","Punjab"," Ludhiana",2008,"August",2008-08-01,"262.8"
"891","Punjab"," Moga",2008,"August",2008-08-01,"192.9"
"892","Punjab"," Muktsar",2008,"August",2008-08-01,"144"
"893","Punjab"," Nawanshahar",2008,"August",2008-08-01,"288.1"
"894","Punjab"," Patiala",2008,"August",2008-08-01,"255.5"
"895","Punjab"," Ropar",2008,"August",2008-08-01,"306.4"
"896","Punjab"," Sangrur",2008,"August",2008-08-01,"130.5"
"897","Punjab","Amritsar",2008,"September",2008-09-01,"46"
"898","Punjab"," Bhatinda",2008,"September",2008-09-01,"47.5"
"899","Punjab"," Faridkot",2008,"September",2008-09-01,"0"
"900","Punjab"," Fatehgarh Sahib",2008,"September",2008-09-01,"13"
"901","Punjab"," Ferozpur",2008,"September",2008-09-01,"11"
"902","Punjab"," Gurdaspur",2008,"September",2008-09-01,"23.5"
"903","Punjab"," Hoshiarpur",2008,"September",2008-09-01,"40.8"
"904","Punjab"," Jalandhar",2008,"September",2008-09-01,"23"
"905","Punjab"," Kapurthala",2008,"September",2008-09-01,"6.5"
"906","Punjab"," Ludhiana",2008,"September",2008-09-01,"84.6"
"907","Punjab"," Moga",2008,"September",2008-09-01,"8.2"
"908","Punjab"," Muktsar",2008,"September",2008-09-01,"17"
"909","Punjab"," Nawanshahar",2008,"September",2008-09-01,"130.2"
"910","Punjab"," Patiala",2008,"September",2008-09-01,"255.6"
"911","Punjab"," Ropar",2008,"September",2008-09-01,"191.2"
"912","Punjab"," Sangrur",2008,"September",2008-09-01,"22.5"
"913","Punjab","Amritsar",2008,"October",2008-10-01,"14"
"914","Punjab"," Bhatinda",2008,"October",2008-10-01,"8"
"915","Punjab"," Faridkot",2008,"October",2008-10-01,"13.2"
"916","Punjab"," Fatehgarh Sahib",2008,"October",2008-10-01,"5"
"917","Punjab"," Ferozpur",2008,"October",2008-10-01,"5"
"918","Punjab"," Gurdaspur",2008,"October",2008-10-01,"8.9"
"919","Punjab"," Hoshiarpur",2008,"October",2008-10-01,"11.9"
"920","Punjab"," Jalandhar",2008,"October",2008-10-01,"14"
"921","Punjab"," Kapurthala",2008,"October",2008-10-01,"0"
"922","Punjab"," Ludhiana",2008,"October",2008-10-01,"10.7"
"923","Punjab"," Moga",2008,"October",2008-10-01,"0"
"924","Punjab"," Muktsar",2008,"October",2008-10-01,"4"
"925","Punjab"," Nawanshahar",2008,"October",2008-10-01,"26"
"926","Punjab"," Patiala",2008,"October",2008-10-01,"10.6"
"927","Punjab"," Ropar",2008,"October",2008-10-01,"25.7"
"928","Punjab"," Sangrur",2008,"October",2008-10-01,"4"
"929","Punjab","Amritsar",2008,"November",2008-11-01,"0"
"930","Punjab"," Bhatinda",2008,"November",2008-11-01,"0"
"931","Punjab"," Faridkot",2008,"November",2008-11-01,"0"
"932","Punjab"," Fatehgarh Sahib",2008,"November",2008-11-01,"0"
"933","Punjab"," Ferozpur",2008,"November",2008-11-01,"0"
"934","Punjab"," Gurdaspur",2008,"November",2008-11-01,"0"
"935","Punjab"," Hoshiarpur",2008,"November",2008-11-01,"0"
"936","Punjab"," Jalandhar",2008,"November",2008-11-01,"0"
"937","Punjab"," Kapurthala",2008,"November",2008-11-01,"0"
"938","Punjab"," Ludhiana",2008,"November",2008-11-01,"0"
"939","Punjab"," Moga",2008,"November",2008-11-01,"0"
"940","Punjab"," Muktsar",2008,"November",2008-11-01,"0"
"941","Punjab"," Nawanshahar",2008,"November",2008-11-01,"0"
"942","Punjab"," Patiala",2008,"November",2008-11-01,"1.7"
"943","Punjab"," Ropar",2008,"November",2008-11-01,"0"
"944","Punjab"," Sangrur",2008,"November",2008-11-01,"0"
"945","Punjab","Amritsar",2008,"December",2008-12-01,"4.5"
"946","Punjab"," Bhatinda",2008,"December",2008-12-01,"0.9"
"947","Punjab"," Faridkot",2008,"December",2008-12-01,"2"
"948","Punjab"," Fatehgarh Sahib",2008,"December",2008-12-01,"0"
"949","Punjab"," Ferozpur",2008,"December",2008-12-01,"3"
"950","Punjab"," Gurdaspur",2008,"December",2008-12-01,"4.2"
"951","Punjab"," Hoshiarpur",2008,"December",2008-12-01,"0.3"
"952","Punjab"," Jalandhar",2008,"December",2008-12-01,"2.2"
"953","Punjab"," Kapurthala",2008,"December",2008-12-01,"0"
"954","Punjab"," Ludhiana",2008,"December",2008-12-01,"3.9"
"955","Punjab"," Moga",2008,"December",2008-12-01,"2"
"956","Punjab"," Muktsar",2008,"December",2008-12-01,"0"
"957","Punjab"," Nawanshahar",2008,"December",2008-12-01,"0"
"958","Punjab"," Patiala",2008,"December",2008-12-01,"0.1"
"959","Punjab"," Ropar",2008,"December",2008-12-01,"0"
"960","Punjab"," Sangrur",2008,"December",2008-12-01,"0"
"961","Punjab","Amritsar",2009,"January",2009-01-01,"14.7"
"962","Punjab"," Bhatinda",2009,"January",2009-01-01,"13.8"
"963","Punjab"," Faridkot",2009,"January",2009-01-01,"28"
"964","Punjab"," Fatehgarh Sahib",2009,"January",2009-01-01,"3"
"965","Punjab"," Ferozpur",2009,"January",2009-01-01,"12.5"
"966","Punjab"," Gurdaspur",2009,"January",2009-01-01,"13.7"
"967","Punjab"," Hoshiarpur",2009,"January",2009-01-01,"8.8"
"968","Punjab"," Jalandhar",2009,"January",2009-01-01,"5.5"
"969","Punjab"," Kapurthala",2009,"January",2009-01-01,"0"
"970","Punjab"," Ludhiana",2009,"January",2009-01-01,"11.5"
"971","Punjab"," Moga",2009,"January",2009-01-01,"14"
"972","Punjab"," Muktsar",2009,"January",2009-01-01,"13.2"
"973","Punjab"," Nawanshahar",2009,"January",2009-01-01,"6"
"974","Punjab"," Patiala",2009,"January",2009-01-01,"9.3"
"975","Punjab"," Ropar",2009,"January",2009-01-01,"8.1"
"976","Punjab"," Sangrur",2009,"January",2009-01-01,"1.8"
"977","Punjab","Amritsar",2009,"February",2009-02-01,"17.4"
"978","Punjab"," Bhatinda",2009,"February",2009-02-01,"19.1"
"979","Punjab"," Faridkot",2009,"February",2009-02-01,"32.2"
"980","Punjab"," Fatehgarh Sahib",2009,"February",2009-02-01,"6"
"981","Punjab"," Ferozpur",2009,"February",2009-02-01,"2.4"
"982","Punjab"," Gurdaspur",2009,"February",2009-02-01,"28.1"
"983","Punjab"," Hoshiarpur",2009,"February",2009-02-01,"27.7"
"984","Punjab"," Jalandhar",2009,"February",2009-02-01,"18.4"
"985","Punjab"," Kapurthala",2009,"February",2009-02-01,"34"
"986","Punjab"," Ludhiana",2009,"February",2009-02-01,"16"
"987","Punjab"," Moga",2009,"February",2009-02-01,"10.5"
"988","Punjab"," Muktsar",2009,"February",2009-02-01,"48.5"
"989","Punjab"," Nawanshahar",2009,"February",2009-02-01,"20.9"
"990","Punjab"," Patiala",2009,"February",2009-02-01,"10.1"
"991","Punjab"," Ropar",2009,"February",2009-02-01,"15.3"
"992","Punjab"," Sangrur",2009,"February",2009-02-01,"1.5"
"993","Punjab","Amritsar",2009,"March",2009-03-01,"12.8"
"994","Punjab"," Bhatinda",2009,"March",2009-03-01,"5.8"
"995","Punjab"," Faridkot",2009,"March",2009-03-01,"10.8"
"996","Punjab"," Fatehgarh Sahib",2009,"March",2009-03-01,"12"
"997","Punjab"," Ferozpur",2009,"March",2009-03-01,"1.1"
"998","Punjab"," Gurdaspur",2009,"March",2009-03-01,"5.2"
"999","Punjab"," Hoshiarpur",2009,"March",2009-03-01,"16"
"1000","Punjab"," Jalandhar",2009,"March",2009-03-01,"19.4"
"1001","Punjab"," Kapurthala",2009,"March",2009-03-01,"18"
"1002","Punjab"," Ludhiana",2009,"March",2009-03-01,"8.2"
"1003","Punjab"," Moga",2009,"March",2009-03-01,"20.8"
"1004","Punjab"," Muktsar",2009,"March",2009-03-01,"4.3"
"1005","Punjab"," Nawanshahar",2009,"March",2009-03-01,"11.4"
"1006","Punjab"," Patiala",2009,"March",2009-03-01,"23"
"1007","Punjab"," Ropar",2009,"March",2009-03-01,"24.7"
"1008","Punjab"," Sangrur",2009,"March",2009-03-01,"2.8"
"1009","Punjab","Amritsar",2009,"April",2009-04-01,"15.5"
"1010","Punjab"," Bhatinda",2009,"April",2009-04-01,"10.5"
"1011","Punjab"," Faridkot",2009,"April",2009-04-01,"13.6"
"1012","Punjab"," Fatehgarh Sahib",2009,"April",2009-04-01,"12"
"1013","Punjab"," Ferozpur",2009,"April",2009-04-01,"19.5"
"1014","Punjab"," Gurdaspur",2009,"April",2009-04-01,"18.5"
"1015","Punjab"," Hoshiarpur",2009,"April",2009-04-01,"34.8"
"1016","Punjab"," Jalandhar",2009,"April",2009-04-01,"30.1"
"1017","Punjab"," Kapurthala",2009,"April",2009-04-01,"40.5"
"1018","Punjab"," Ludhiana",2009,"April",2009-04-01,"40"
"1019","Punjab"," Moga",2009,"April",2009-04-01,"23.7"
"1020","Punjab"," Muktsar",2009,"April",2009-04-01,"9.1"
"1021","Punjab"," Nawanshahar",2009,"April",2009-04-01,"13.9"
"1022","Punjab"," Patiala",2009,"April",2009-04-01,"38.7"
"1023","Punjab"," Ropar",2009,"April",2009-04-01,"29.6"
"1024","Punjab"," Sangrur",2009,"April",2009-04-01,"0.6"
"1025","Punjab","Amritsar",2009,"May",2009-05-01,"1.6"
"1026","Punjab"," Bhatinda",2009,"May",2009-05-01,"3.9"
"1027","Punjab"," Faridkot",2009,"May",2009-05-01,"0"
"1028","Punjab"," Fatehgarh Sahib",2009,"May",2009-05-01,"3"
"1029","Punjab"," Ferozpur",2009,"May",2009-05-01,"0.5"
"1030","Punjab"," Gurdaspur",2009,"May",2009-05-01,"5.7"
"1031","Punjab"," Hoshiarpur",2009,"May",2009-05-01,"3.3"
"1032","Punjab"," Jalandhar",2009,"May",2009-05-01,"3.9"
"1033","Punjab"," Kapurthala",2009,"May",2009-05-01,"2.5"
"1034","Punjab"," Ludhiana",2009,"May",2009-05-01,"7"
"1035","Punjab"," Moga",2009,"May",2009-05-01,"16.8"
"1036","Punjab"," Muktsar",2009,"May",2009-05-01,"1"
"1037","Punjab"," Nawanshahar",2009,"May",2009-05-01,"9.8"
"1038","Punjab"," Patiala",2009,"May",2009-05-01,"9.7"
"1039","Punjab"," Ropar",2009,"May",2009-05-01,"9.9"
"1040","Punjab"," Sangrur",2009,"May",2009-05-01,"2.6"
"1041","Punjab","Amritsar",2009,"June",2009-06-01,"0.8"
"1042","Punjab"," Bhatinda",2009,"June",2009-06-01,"5.6"
"1043","Punjab"," Faridkot",2009,"June",2009-06-01,"5.2"
"1044","Punjab"," Fatehgarh Sahib",2009,"June",2009-06-01,"24.7"
"1045","Punjab"," Ferozpur",2009,"June",2009-06-01,"2"
"1046","Punjab"," Gurdaspur",2009,"June",2009-06-01,"19.3"
"1047","Punjab"," Hoshiarpur",2009,"June",2009-06-01,"2.8"
"1048","Punjab"," Jalandhar",2009,"June",2009-06-01,"6.2"
"1049","Punjab"," Kapurthala",2009,"June",2009-06-01,"2.5"
"1050","Punjab"," Ludhiana",2009,"June",2009-06-01,"31.3"
"1051","Punjab"," Moga",2009,"June",2009-06-01,"3.2"
"1052","Punjab"," Muktsar",2009,"June",2009-06-01,"3.3"
"1053","Punjab"," Nawanshahar",2009,"June",2009-06-01,"30.2"
"1054","Punjab"," Patiala",2009,"June",2009-06-01,"14.3"
"1055","Punjab"," Ropar",2009,"June",2009-06-01,"30.4"
"1056","Punjab"," Sangrur",2009,"June",2009-06-01,"7.5"
"1057","Punjab","Amritsar",2009,"July",2009-07-01,"80.7"
"1058","Punjab"," Bhatinda",2009,"July",2009-07-01,"106.1"
"1059","Punjab"," Faridkot",2009,"July",2009-07-01,"126.8"
"1060","Punjab"," Fatehgarh Sahib",2009,"July",2009-07-01,"76"
"1061","Punjab"," Ferozpur",2009,"July",2009-07-01,"21.5"
"1062","Punjab"," Gurdaspur",2009,"July",2009-07-01,"247.4"
"1063","Punjab"," Hoshiarpur",2009,"July",2009-07-01,"291.9"
"1064","Punjab"," Jalandhar",2009,"July",2009-07-01,"282.3"
"1065","Punjab"," Kapurthala",2009,"July",2009-07-01,"352"
"1066","Punjab"," Ludhiana",2009,"July",2009-07-01,"282.9"
"1067","Punjab"," Moga",2009,"July",2009-07-01,"87.8"
"1068","Punjab"," Muktsar",2009,"July",2009-07-01,"54.9"
"1069","Punjab"," Nawanshahar",2009,"July",2009-07-01,"183.5"
"1070","Punjab"," Patiala",2009,"July",2009-07-01,"125.9"
"1071","Punjab"," Ropar",2009,"July",2009-07-01,"239.3"
"1072","Punjab"," Sangrur",2009,"July",2009-07-01,"226.9"
"1073","Punjab","Amritsar",2009,"August",2009-08-01,"72.6"
"1074","Punjab"," Bhatinda",2009,"August",2009-08-01,"18.1"
"1075","Punjab"," Faridkot",2009,"August",2009-08-01,"24"
"1076","Punjab"," Fatehgarh Sahib",2009,"August",2009-08-01,"7"
"1077","Punjab"," Ferozpur",2009,"August",2009-08-01,"11.7"
"1078","Punjab"," Gurdaspur",2009,"August",2009-08-01,"197.5"
"1079","Punjab"," Hoshiarpur",2009,"August",2009-08-01,"153.6"
"1080","Punjab"," Jalandhar",2009,"August",2009-08-01,"165.9"
"1081","Punjab"," Kapurthala",2009,"August",2009-08-01,"238"
"1082","Punjab"," Ludhiana",2009,"August",2009-08-01,"61.7"
"1083","Punjab"," Moga",2009,"August",2009-08-01,"60.1"
"1084","Punjab"," Muktsar",2009,"August",2009-08-01,"33.7"
"1085","Punjab"," Nawanshahar",2009,"August",2009-08-01,"144.3"
"1086","Punjab"," Patiala",2009,"August",2009-08-01,"118"
"1087","Punjab"," Ropar",2009,"August",2009-08-01,"150.3"
"1088","Punjab"," Sangrur",2009,"August",2009-08-01,"7.5"
"1089","Punjab","Amritsar",2009,"September",2009-09-01,"46.9"
"1090","Punjab"," Bhatinda",2009,"September",2009-09-01,"69.1"
"1091","Punjab"," Faridkot",2009,"September",2009-09-01,"77.1"
"1092","Punjab"," Fatehgarh Sahib",2009,"September",2009-09-01,"18"
"1093","Punjab"," Ferozpur",2009,"September",2009-09-01,"61.8"
"1094","Punjab"," Gurdaspur",2009,"September",2009-09-01,"30.5"
"1095","Punjab"," Hoshiarpur",2009,"September",2009-09-01,"49.4"
"1096","Punjab"," Jalandhar",2009,"September",2009-09-01,"74.8"
"1097","Punjab"," Kapurthala",2009,"September",2009-09-01,"69"
"1098","Punjab"," Ludhiana",2009,"September",2009-09-01,"74.6"
"1099","Punjab"," Moga",2009,"September",2009-09-01,"91.9"
"1100","Punjab"," Muktsar",2009,"September",2009-09-01,"8.9"
"1101","Punjab"," Nawanshahar",2009,"September",2009-09-01,"102.2"
"1102","Punjab"," Patiala",2009,"September",2009-09-01,"163.3"
"1103","Punjab"," Ropar",2009,"September",2009-09-01,"171.6"
"1104","Punjab"," Sangrur",2009,"September",2009-09-01,"73.3"
"1105","Punjab","Amritsar",2009,"October",2009-10-01,"0"
"1106","Punjab"," Bhatinda",2009,"October",2009-10-01,"0"
"1107","Punjab"," Faridkot",2009,"October",2009-10-01,"5.3"
"1108","Punjab"," Fatehgarh Sahib",2009,"October",2009-10-01,"0"
"1109","Punjab"," Ferozpur",2009,"October",2009-10-01,"0"
"1110","Punjab"," Gurdaspur",2009,"October",2009-10-01,"2.4"
"1111","Punjab"," Hoshiarpur",2009,"October",2009-10-01,"1.7"
"1112","Punjab"," Jalandhar",2009,"October",2009-10-01,"0.9"
"1113","Punjab"," Kapurthala",2009,"October",2009-10-01,"0"
"1114","Punjab"," Ludhiana",2009,"October",2009-10-01,"19.7"
"1115","Punjab"," Moga",2009,"October",2009-10-01,"0"
"1116","Punjab"," Muktsar",2009,"October",2009-10-01,"0"
"1117","Punjab"," Nawanshahar",2009,"October",2009-10-01,"15.5"
"1118","Punjab"," Patiala",2009,"October",2009-10-01,"3.8"
"1119","Punjab"," Ropar",2009,"October",2009-10-01,"0"
"1120","Punjab"," Sangrur",2009,"October",2009-10-01,"0"
"1121","Punjab","Amritsar",2009,"November",2009-11-01,"13.4"
"1122","Punjab"," Bhatinda",2009,"November",2009-11-01,"0.2"
"1123","Punjab"," Faridkot",2009,"November",2009-11-01,"0"
"1124","Punjab"," Fatehgarh Sahib",2009,"November",2009-11-01,"0"
"1125","Punjab"," Ferozpur",2009,"November",2009-11-01,"0"
"1126","Punjab"," Gurdaspur",2009,"November",2009-11-01,"30.9"
"1127","Punjab"," Hoshiarpur",2009,"November",2009-11-01,"12.1"
"1128","Punjab"," Jalandhar",2009,"November",2009-11-01,"8"
"1129","Punjab"," Kapurthala",2009,"November",2009-11-01,"0"
"1130","Punjab"," Ludhiana",2009,"November",2009-11-01,"6.9"
"1131","Punjab"," Moga",2009,"November",2009-11-01,"0"
"1132","Punjab"," Muktsar",2009,"November",2009-11-01,"0"
"1133","Punjab"," Nawanshahar",2009,"November",2009-11-01,"9.8"
"1134","Punjab"," Patiala",2009,"November",2009-11-01,"0.4"
"1135","Punjab"," Ropar",2009,"November",2009-11-01,"6.4"
"1136","Punjab"," Sangrur",2009,"November",2009-11-01,"0"
"1137","Punjab","Amritsar",2009,"December",2009-12-01,"0"
"1138","Punjab"," Bhatinda",2009,"December",2009-12-01,"0"
"1139","Punjab"," Faridkot",2009,"December",2009-12-01,"0"
"1140","Punjab"," Fatehgarh Sahib",2009,"December",2009-12-01,"0"
"1141","Punjab"," Ferozpur",2009,"December",2009-12-01,"0"
"1142","Punjab"," Gurdaspur",2009,"December",2009-12-01,"0"
"1143","Punjab"," Hoshiarpur",2009,"December",2009-12-01,"0"
"1144","Punjab"," Jalandhar",2009,"December",2009-12-01,"0"
"1145","Punjab"," Kapurthala",2009,"December",2009-12-01,"0"
"1146","Punjab"," Ludhiana",2009,"December",2009-12-01,"0"
"1147","Punjab"," Moga",2009,"December",2009-12-01,"0"
"1148","Punjab"," Muktsar",2009,"December",2009-12-01,"0"
"1149","Punjab"," Nawanshahar",2009,"December",2009-12-01,"0"
"1150","Punjab"," Patiala",2009,"December",2009-12-01,"0"
"1151","Punjab"," Ropar",2009,"December",2009-12-01,"0"
"1152","Punjab"," Sangrur",2009,"December",2009-12-01,"0"
"1153","Punjab","Amritsar",2010,"January",2010-01-01,"0.2"
"1154","Punjab"," Bhatinda",2010,"January",2010-01-01,"3.4"
"1155","Punjab"," Faridkot",2010,"January",2010-01-01,"0"
"1156","Punjab"," Fatehgarh Sahib",2010,"January",2010-01-01,"7"
"1157","Punjab"," Ferozpur",2010,"January",2010-01-01,"0"
"1158","Punjab"," Gurdaspur",2010,"January",2010-01-01,"2.4"
"1159","Punjab"," Hoshiarpur",2010,"January",2010-01-01,"5.8"
"1160","Punjab"," Jalandhar",2010,"January",2010-01-01,"5.2"
"1161","Punjab"," Kapurthala",2010,"January",2010-01-01,"0"
"1162","Punjab"," Ludhiana",2010,"January",2010-01-01,"6.6"
"1163","Punjab"," Moga",2010,"January",2010-01-01,"1"
"1164","Punjab"," Muktsar",2010,"January",2010-01-01,"0"
"1165","Punjab"," Nawanshahar",2010,"January",2010-01-01,"9.9"
"1166","Punjab"," Patiala",2010,"January",2010-01-01,"4.9"
"1167","Punjab"," Ropar",2010,"January",2010-01-01,"4.8"
"1168","Punjab"," Sangrur",2010,"January",2010-01-01,"0"
"1169","Punjab","Amritsar",2010,"February",2010-02-01,"7.9"
"1170","Punjab"," Bhatinda",2010,"February",2010-02-01,"12.9"
"1171","Punjab"," Faridkot",2010,"February",2010-02-01,"14"
"1172","Punjab"," Fatehgarh Sahib",2010,"February",2010-02-01,"13"
"1173","Punjab"," Ferozpur",2010,"February",2010-02-01,"1.5"
"1174","Punjab"," Gurdaspur",2010,"February",2010-02-01,"34.6"
"1175","Punjab"," Hoshiarpur",2010,"February",2010-02-01,"8.1"
"1176","Punjab"," Jalandhar",2010,"February",2010-02-01,"3.8"
"1177","Punjab"," Kapurthala",2010,"February",2010-02-01,"0"
"1178","Punjab"," Ludhiana",2010,"February",2010-02-01,"9.2"
"1179","Punjab"," Moga",2010,"February",2010-02-01,"11.8"
"1180","Punjab"," Muktsar",2010,"February",2010-02-01,"8"
"1181","Punjab"," Nawanshahar",2010,"February",2010-02-01,"13.5"
"1182","Punjab"," Patiala",2010,"February",2010-02-01,"6.2"
"1183","Punjab"," Ropar",2010,"February",2010-02-01,"17.9"
"1184","Punjab"," Sangrur",2010,"February",2010-02-01,"29.8"
"1185","Punjab","Amritsar",2010,"March",2010-03-01,"1.3"
"1186","Punjab"," Bhatinda",2010,"March",2010-03-01,"2.2"
"1187","Punjab"," Faridkot",2010,"March",2010-03-01,"0"
"1188","Punjab"," Fatehgarh Sahib",2010,"March",2010-03-01,"0"
"1189","Punjab"," Ferozpur",2010,"March",2010-03-01,"0"
"1190","Punjab"," Gurdaspur",2010,"March",2010-03-01,"1.3"
"1191","Punjab"," Hoshiarpur",2010,"March",2010-03-01,"0.4"
"1192","Punjab"," Jalandhar",2010,"March",2010-03-01,"1.4"
"1193","Punjab"," Kapurthala",2010,"March",2010-03-01,"0"
"1194","Punjab"," Ludhiana",2010,"March",2010-03-01,"0.2"
"1195","Punjab"," Moga",2010,"March",2010-03-01,"1"
"1196","Punjab"," Muktsar",2010,"March",2010-03-01,"0"
"1197","Punjab"," Nawanshahar",2010,"March",2010-03-01,"0"
"1198","Punjab"," Patiala",2010,"March",2010-03-01,"0"
"1199","Punjab"," Ropar",2010,"March",2010-03-01,"0"
"1200","Punjab"," Sangrur",2010,"March",2010-03-01,"0"
"1201","Punjab","Amritsar",2010,"April",2010-04-01,"0.1"
"1202","Punjab"," Bhatinda",2010,"April",2010-04-01,"0"
"1203","Punjab"," Faridkot",2010,"April",2010-04-01,"0"
"1204","Punjab"," Fatehgarh Sahib",2010,"April",2010-04-01,"0"
"1205","Punjab"," Ferozpur",2010,"April",2010-04-01,"0"
"1206","Punjab"," Gurdaspur",2010,"April",2010-04-01,"0.3"
"1207","Punjab"," Hoshiarpur",2010,"April",2010-04-01,"0"
"1208","Punjab"," Jalandhar",2010,"April",2010-04-01,"1.8"
"1209","Punjab"," Kapurthala",2010,"April",2010-04-01,"0"
"1210","Punjab"," Ludhiana",2010,"April",2010-04-01,"0"
"1211","Punjab"," Moga",2010,"April",2010-04-01,"0"
"1212","Punjab"," Muktsar",2010,"April",2010-04-01,"0"
"1213","Punjab"," Nawanshahar",2010,"April",2010-04-01,"0.6"
"1214","Punjab"," Patiala",2010,"April",2010-04-01,"0.4"
"1215","Punjab"," Ropar",2010,"April",2010-04-01,"0.7"
"1216","Punjab"," Sangrur",2010,"April",2010-04-01,"1.3"
"1217","Punjab","Amritsar",2010,"May",2010-05-01,"5.8"
"1218","Punjab"," Bhatinda",2010,"May",2010-05-01,"3"
"1219","Punjab"," Faridkot",2010,"May",2010-05-01,"2"
"1220","Punjab"," Fatehgarh Sahib",2010,"May",2010-05-01,"0"
"1221","Punjab"," Ferozpur",2010,"May",2010-05-01,"0"
"1222","Punjab"," Gurdaspur",2010,"May",2010-05-01,"9.6"
"1223","Punjab"," Hoshiarpur",2010,"May",2010-05-01,"16.4"
"1224","Punjab"," Jalandhar",2010,"May",2010-05-01,"1.6"
"1225","Punjab"," Kapurthala",2010,"May",2010-05-01,"5.7"
"1226","Punjab"," Ludhiana",2010,"May",2010-05-01,"4.5"
"1227","Punjab"," Moga",2010,"May",2010-05-01,"0"
"1228","Punjab"," Muktsar",2010,"May",2010-05-01,"0"
"1229","Punjab"," Nawanshahar",2010,"May",2010-05-01,"13.6"
"1230","Punjab"," Patiala",2010,"May",2010-05-01,"1.3"
"1231","Punjab"," Ropar",2010,"May",2010-05-01,"6.8"
"1232","Punjab"," Sangrur",2010,"May",2010-05-01,"0"
"1233","Punjab","Amritsar",2010,"June",2010-06-01,"18.1"
"1234","Punjab"," Bhatinda",2010,"June",2010-06-01,"34.1"
"1235","Punjab"," Faridkot",2010,"June",2010-06-01,"21"
"1236","Punjab"," Fatehgarh Sahib",2010,"June",2010-06-01,"23.5"
"1237","Punjab"," Ferozpur",2010,"June",2010-06-01,"8.1"
"1238","Punjab"," Gurdaspur",2010,"June",2010-06-01,"27"
"1239","Punjab"," Hoshiarpur",2010,"June",2010-06-01,"34.3"
"1240","Punjab"," Jalandhar",2010,"June",2010-06-01,"12.3"
"1241","Punjab"," Kapurthala",2010,"June",2010-06-01,"2"
"1242","Punjab"," Ludhiana",2010,"June",2010-06-01,"18.5"
"1243","Punjab"," Moga",2010,"June",2010-06-01,"1.8"
"1244","Punjab"," Muktsar",2010,"June",2010-06-01,"23"
"1245","Punjab"," Nawanshahar",2010,"June",2010-06-01,"46.5"
"1246","Punjab"," Patiala",2010,"June",2010-06-01,"120"
"1247","Punjab"," Ropar",2010,"June",2010-06-01,"117.6"
"1248","Punjab"," Sangrur",2010,"June",2010-06-01,"14.6"
"1249","Punjab","Amritsar",2010,"July",2010-07-01,"171.4"
"1250","Punjab"," Bhatinda",2010,"July",2010-07-01,"116.1"
"1251","Punjab"," Faridkot",2010,"July",2010-07-01,"105"
"1252","Punjab"," Fatehgarh Sahib",2010,"July",2010-07-01,"128"
"1253","Punjab"," Ferozpur",2010,"July",2010-07-01,"86.3"
"1254","Punjab"," Gurdaspur",2010,"July",2010-07-01,"218"
"1255","Punjab"," Hoshiarpur",2010,"July",2010-07-01,"263.7"
"1256","Punjab"," Jalandhar",2010,"July",2010-07-01,"251.2"
"1257","Punjab"," Kapurthala",2010,"July",2010-07-01,"221.3"
"1258","Punjab"," Ludhiana",2010,"July",2010-07-01,"248.9"
"1259","Punjab"," Moga",2010,"July",2010-07-01,"293.8"
"1260","Punjab"," Muktsar",2010,"July",2010-07-01,"97.8"
"1261","Punjab"," Nawanshahar",2010,"July",2010-07-01,"265.1"
"1262","Punjab"," Patiala",2010,"July",2010-07-01,"363"
"1263","Punjab"," Ropar",2010,"July",2010-07-01,"438.2"
"1264","Punjab"," Sangrur",2010,"July",2010-07-01,"246.5"
"1265","Punjab","Amritsar",2010,"August",2010-08-01,"188.1"
"1266","Punjab"," Bhatinda",2010,"August",2010-08-01,"103.2"
"1267","Punjab"," Faridkot",2010,"August",2010-08-01,"35"
"1268","Punjab"," Fatehgarh Sahib",2010,"August",2010-08-01,"5"
"1269","Punjab"," Ferozpur",2010,"August",2010-08-01,"32.2"
"1270","Punjab"," Gurdaspur",2010,"August",2010-08-01,"412.1"
"1271","Punjab"," Hoshiarpur",2010,"August",2010-08-01,"195.3"
"1272","Punjab"," Jalandhar",2010,"August",2010-08-01,"82"
"1273","Punjab"," Kapurthala",2010,"August",2010-08-01,"49.5"
"1274","Punjab"," Ludhiana",2010,"August",2010-08-01,"155"
"1275","Punjab"," Moga",2010,"August",2010-08-01,"32"
"1276","Punjab"," Muktsar",2010,"August",2010-08-01,"107.6"
"1277","Punjab"," Nawanshahar",2010,"August",2010-08-01,"142.4"
"1278","Punjab"," Patiala",2010,"August",2010-08-01,"75.8"
"1279","Punjab"," Ropar",2010,"August",2010-08-01,"212.6"
"1280","Punjab"," Sangrur",2010,"August",2010-08-01,"90.3"
"1281","Punjab","Amritsar",2010,"September",2010-09-01,"77.2"
"1282","Punjab"," Bhatinda",2010,"September",2010-09-01,"79.9"
"1283","Punjab"," Faridkot",2010,"September",2010-09-01,"75.2"
"1284","Punjab"," Fatehgarh Sahib",2010,"September",2010-09-01,"106.4"
"1285","Punjab"," Ferozpur",2010,"September",2010-09-01,"29.3"
"1286","Punjab"," Gurdaspur",2010,"September",2010-09-01,"138.9"
"1287","Punjab"," Hoshiarpur",2010,"September",2010-09-01,"107"
"1288","Punjab"," Jalandhar",2010,"September",2010-09-01,"136.1"
"1289","Punjab"," Kapurthala",2010,"September",2010-09-01,"138"
"1290","Punjab"," Ludhiana",2010,"September",2010-09-01,"97.2"
"1291","Punjab"," Moga",2010,"September",2010-09-01,"66.5"
"1292","Punjab"," Muktsar",2010,"September",2010-09-01,"24"
"1293","Punjab"," Nawanshahar",2010,"September",2010-09-01,"205.4"
"1294","Punjab"," Patiala",2010,"September",2010-09-01,"188.8"
"1295","Punjab"," Ropar",2010,"September",2010-09-01,"157.8"
"1296","Punjab"," Sangrur",2010,"September",2010-09-01,"114.3"
"1297","Punjab","Amritsar",2010,"October",2010-10-01,"4.3"
"1298","Punjab"," Bhatinda",2010,"October",2010-10-01,"0"
"1299","Punjab"," Faridkot",2010,"October",2010-10-01,"0"
"1300","Punjab"," Fatehgarh Sahib",2010,"October",2010-10-01,"0"
"1301","Punjab"," Ferozpur",2010,"October",2010-10-01,"0"
"1302","Punjab"," Gurdaspur",2010,"October",2010-10-01,"16.2"
"1303","Punjab"," Hoshiarpur",2010,"October",2010-10-01,"34.8"
"1304","Punjab"," Jalandhar",2010,"October",2010-10-01,"3.6"
"1305","Punjab"," Kapurthala",2010,"October",2010-10-01,"0"
"1306","Punjab"," Ludhiana",2010,"October",2010-10-01,"5.3"
"1307","Punjab"," Moga",2010,"October",2010-10-01,"0"
"1308","Punjab"," Muktsar",2010,"October",2010-10-01,"0"
"1309","Punjab"," Nawanshahar",2010,"October",2010-10-01,"19.3"
"1310","Punjab"," Patiala",2010,"October",2010-10-01,"7.2"
"1311","Punjab"," Ropar",2010,"October",2010-10-01,"20.1"
"1312","Punjab"," Sangrur",2010,"October",2010-10-01,"0"
"1313","Punjab","Amritsar",2010,"November",2010-11-01,"0"
"1314","Punjab"," Bhatinda",2010,"November",2010-11-01,"0"
"1315","Punjab"," Faridkot",2010,"November",2010-11-01,"0"
"1316","Punjab"," Fatehgarh Sahib",2010,"November",2010-11-01,"0"
"1317","Punjab"," Ferozpur",2010,"November",2010-11-01,"0"
"1318","Punjab"," Gurdaspur",2010,"November",2010-11-01,"6"
"1319","Punjab"," Hoshiarpur",2010,"November",2010-11-01,"0.6"
"1320","Punjab"," Jalandhar",2010,"November",2010-11-01,"0"
"1321","Punjab"," Kapurthala",2010,"November",2010-11-01,"0"
"1322","Punjab"," Ludhiana",2010,"November",2010-11-01,"0.3"
"1323","Punjab"," Moga",2010,"November",2010-11-01,"0"
"1324","Punjab"," Muktsar",2010,"November",2010-11-01,"0"
"1325","Punjab"," Nawanshahar",2010,"November",2010-11-01,"0"
"1326","Punjab"," Patiala",2010,"November",2010-11-01,"0"
"1327","Punjab"," Ropar",2010,"November",2010-11-01,"0"
"1328","Punjab"," Sangrur",2010,"November",2010-11-01,"0"
"1329","Punjab","Amritsar",2010,"December",2010-12-01,"4.4"
"1330","Punjab"," Bhatinda",2010,"December",2010-12-01,"2.5"
"1331","Punjab"," Faridkot",2010,"December",2010-12-01,"0"
"1332","Punjab"," Fatehgarh Sahib",2010,"December",2010-12-01,"22"
"1333","Punjab"," Ferozpur",2010,"December",2010-12-01,"6.8"
"1334","Punjab"," Gurdaspur",2010,"December",2010-12-01,"51.7"
"1335","Punjab"," Hoshiarpur",2010,"December",2010-12-01,"26.9"
"1336","Punjab"," Jalandhar",2010,"December",2010-12-01,"14.2"
"1337","Punjab"," Kapurthala",2010,"December",2010-12-01,"24"
"1338","Punjab"," Ludhiana",2010,"December",2010-12-01,"18.2"
"1339","Punjab"," Moga",2010,"December",2010-12-01,"0"
"1340","Punjab"," Muktsar",2010,"December",2010-12-01,"2"
"1341","Punjab"," Nawanshahar",2010,"December",2010-12-01,"42.4"
"1342","Punjab"," Patiala",2010,"December",2010-12-01,"30.4"
"1343","Punjab"," Ropar",2010,"December",2010-12-01,"44.4"
"1344","Punjab"," Sangrur",2010,"December",2010-12-01,"19"
